id_medidor,id_cliente,marca,diametro_mm,fecha_instalacion,antiguedad_anios,fecha_ultima_verificacion_metrologica,requiere_verificacion,estado_medidor
MD-00001,CL-00001,Itron,19,2023-09-05,2,,False,Activo
MD-00002,CL-00002,Sensus,13,2019-03-19,6,2021-05-20,False,Activo
MD-00003,CL-00003,Elster,13,2018-12-01,7,2022-04-24,False,Activo
MD-00004,CL-00004,Itron,13,2021-11-05,4,2022-04-13,False,Activo
MD-00005,CL-00005,Elster,19,2020-01-05,5,2021-11-02,False,Activo
MD-00006,CL-00006,Itron,13,2021-06-24,4,2024-08-09,False,Activo
MD-00007,CL-00007,Actaris,13,2024-09-19,1,,False,Activo
MD-00008,CL-00008,Elster,15,2012-07-04,13,2020-11-06,True,Activo
MD-00009,CL-00009,Itron,15,2020-07-15,5,2024-12-21,False,Activo
MD-00010,CL-00010,Actaris,13,2013-08-20,12,2023-06-10,False,Activo
MD-00011,CL-00011,Elster,13,2011-10-09,14,2025-06-21,False,Activo
MD-00012,CL-00012,Sensus,25,2012-10-17,13,2024-07-06,False,Activo
MD-00013,CL-00013,Actaris,13,2021-12-09,4,2026-06-15,False,Activo
MD-00014,CL-00014,Itron,13,2022-09-17,3,2021-02-06,False,Activo
MD-00015,CL-00015,Sensus,13,2019-11-03,6,2024-04-02,False,Activo
MD-00016,CL-00016,Sensus,15,2023-02-24,2,,False,Activo
MD-00017,CL-00017,Itron,13,2016-11-23,9,2026-02-08,False,Activo
MD-00018,CL-00018,Elster,13,2020-04-27,5,2024-10-23,False,Activo
MD-00019,CL-00019,Itron,15,2014-03-20,11,2023-02-07,False,Activo
MD-00020,CL-00020,Itron,13,2012-05-02,13,2021-04-05,False,Activo
MD-00021,CL-00021,Elster,15,2015-10-09,10,2024-01-07,False,Activo
MD-00022,CL-00022,Zenner,13,2020-09-27,5,2024-04-28,False,Activo
MD-00023,CL-00023,Itron,13,2024-04-01,1,,False,Activo
MD-00024,CL-00024,Itron,15,2016-05-15,9,2021-03-10,False,Activo
MD-00025,CL-00025,Zenner,15,2021-11-24,4,2022-09-23,False,Activo
MD-00026,CL-00026,Elster,13,2017-12-01,8,2024-03-13,False,Activo
MD-00027,CL-00027,Zenner,25,2019-01-09,6,2022-08-21,False,Activo
MD-00028,CL-00028,Actaris,15,2016-04-09,9,2022-12-07,False,Activo
MD-00029,CL-00029,Sensus,13,2020-06-17,5,2025-02-27,False,Activo
MD-00030,CL-00030,Zenner,15,2020-02-03,5,2022-12-24,False,Activo
MD-00031,CL-00031,Zenner,13,2011-09-15,14,2020-10-13,True,Activo
MD-00032,CL-00032,Itron,15,2017-11-26,8,2024-03-12,False,Activo
MD-00033,CL-00033,Elster,13,2025-11-25,0,,False,Activo
MD-00034,CL-00034,Elster,19,2022-08-07,3,2024-08-17,False,Activo
MD-00035,CL-00035,Elster,13,2011-04-15,14,2023-09-07,False,Activo
MD-00036,CL-00036,Sensus,13,2021-11-16,4,2021-12-12,False,Activo
MD-00037,CL-00037,Sensus,15,2013-02-03,12,2022-04-07,False,Activo
MD-00038,CL-00038,Sensus,19,2024-07-10,1,,False,Activo
MD-00039,CL-00039,Actaris,15,2023-04-27,2,,False,Activo
MD-00040,CL-00040,Elster,13,2023-10-06,2,,False,Activo
MD-00041,CL-00041,Sensus,13,2015-08-19,10,2022-02-19,False,Activo
MD-00042,CL-00042,Elster,13,2013-06-11,12,2020-08-23,True,Activo
MD-00043,CL-00043,Actaris,15,2014-12-01,11,2024-10-26,False,Activo
MD-00044,CL-00044,Sensus,15,2018-11-21,7,2021-06-14,False,Activo
MD-00045,CL-00045,Sensus,13,2015-11-06,10,2026-02-27,False,Activo
MD-00046,CL-00046,Actaris,15,2024-12-11,1,,False,Activo
MD-00047,CL-00047,Itron,15,2024-02-22,1,,False,Activo
MD-00048,CL-00048,Actaris,13,2013-04-22,12,2025-07-30,False,Activo
MD-00049,CL-00049,Elster,15,2018-04-15,7,2026-03-18,False,Activo
MD-00050,CL-00050,Elster,13,2012-06-18,13,2026-06-17,False,Activo
MD-00051,CL-00051,Actaris,13,2020-05-16,5,2022-10-26,False,Activo
MD-00052,CL-00052,Sensus,19,2016-12-21,9,2024-10-25,False,Activo
MD-00053,CL-00053,Itron,19,2013-04-19,12,2021-09-19,False,Activo
MD-00054,CL-00054,Zenner,13,2025-04-12,0,,False,Activo
MD-00055,CL-00055,Actaris,15,2016-07-25,9,2023-04-17,False,Activo
MD-00056,CL-00056,Elster,19,2016-04-24,9,2021-09-28,False,Activo
MD-00057,CL-00057,Zenner,15,2012-07-05,13,2024-09-15,False,Activo
MD-00058,CL-00058,Elster,13,2025-10-26,0,,False,Activo
MD-00059,CL-00059,Itron,19,2013-09-06,12,2021-04-20,False,Activo
MD-00060,CL-00060,Actaris,15,2019-06-09,6,2021-01-25,False,Activo
MD-00061,CL-00061,Itron,13,2025-12-23,0,,False,Activo
MD-00062,CL-00062,Actaris,13,2011-06-09,14,2020-12-29,True,Activo
MD-00063,CL-00063,Actaris,13,2019-04-15,6,2022-02-02,False,Activo
MD-00064,CL-00064,Actaris,15,2018-05-02,7,2026-06-12,False,Activo
MD-00065,CL-00065,Elster,13,2024-06-22,1,,False,Activo
MD-00066,CL-00066,Itron,13,2012-11-10,13,2024-10-04,False,Activo
MD-00067,CL-00067,Zenner,13,2016-12-19,9,2023-04-17,False,Activo
MD-00068,CL-00068,Itron,13,2016-12-11,9,2022-09-17,False,Activo
MD-00069,CL-00069,Itron,15,2012-12-24,13,2022-03-31,False,Activo
MD-00070,CL-00070,Itron,15,2011-01-01,14,2024-07-27,False,Activo
MD-00071,CL-00071,Actaris,13,2018-10-01,7,2023-01-25,False,Activo
MD-00072,CL-00072,Sensus,13,2023-06-01,2,,False,Activo
MD-00073,CL-00073,Actaris,13,2011-01-21,14,2025-02-10,False,Activo
MD-00074,CL-00074,Actaris,13,2018-10-17,7,2022-07-19,False,Activo
MD-00075,CL-00075,Sensus,13,2025-03-07,0,,False,Activo
MD-00076,CL-00076,Elster,19,2021-01-17,4,2025-04-09,False,Activo
MD-00077,CL-00077,Actaris,15,2015-03-15,10,2024-01-23,False,Activo
MD-00078,CL-00078,Elster,15,2016-12-16,9,2021-01-13,False,Activo
MD-00079,CL-00079,Elster,13,2017-08-24,8,2026-03-17,False,Activo
MD-00080,CL-00080,Zenner,13,2020-09-19,5,2020-10-05,True,Activo
MD-00081,CL-00081,Actaris,13,2017-07-14,8,2024-10-02,False,Activo
MD-00082,CL-00082,Itron,13,2024-09-13,1,,False,Activo
MD-00083,CL-00083,Sensus,19,2012-09-08,13,2020-10-20,True,Activo
MD-00084,CL-00084,Zenner,13,2024-08-22,1,,False,Activo
MD-00085,CL-00085,Zenner,13,2018-04-15,7,2022-12-03,False,Activo
MD-00086,CL-00086,Actaris,19,2025-02-02,0,,False,Activo
MD-00087,CL-00087,Sensus,13,2011-04-27,14,2025-07-06,False,Activo
MD-00088,CL-00088,Itron,15,2023-03-22,2,,False,Activo
MD-00089,CL-00089,Itron,15,2022-11-20,3,2021-06-12,False,Activo
MD-00090,CL-00090,Sensus,15,2015-11-11,10,2020-08-04,True,Activo
MD-00091,CL-00091,Actaris,13,2025-09-02,0,,False,Activo
MD-00092,CL-00092,Elster,15,2017-04-08,8,2023-07-25,False,Activo
MD-00093,CL-00093,Zenner,13,2021-07-26,4,2021-05-06,False,Activo
MD-00094,CL-00094,Actaris,13,2021-03-12,4,2022-08-19,False,Activo
MD-00095,CL-00095,Actaris,13,2014-09-06,11,2023-12-21,False,Activo
MD-00096,CL-00096,Sensus,19,2019-03-21,6,2021-10-16,False,Activo
MD-00097,CL-00097,Sensus,13,2021-05-22,4,2022-02-09,False,Activo
MD-00098,CL-00098,Itron,13,2013-11-22,12,2023-05-09,False,Activo
MD-00099,CL-00099,Zenner,15,2013-11-02,12,2022-07-23,False,Activo
MD-00100,CL-00100,Sensus,13,2015-01-26,10,2023-04-10,False,Activo
MD-00101,CL-00101,Sensus,25,2023-10-23,2,,False,Activo
MD-00102,CL-00102,Itron,25,2025-06-25,0,,False,Activo
MD-00103,CL-00103,Zenner,13,2012-01-13,13,2023-11-17,False,Activo
MD-00104,CL-00104,Sensus,15,2012-11-04,13,2025-08-30,False,Activo
MD-00105,CL-00105,Zenner,15,2011-04-23,14,2021-11-11,False,Activo
MD-00106,CL-00106,Zenner,13,2022-12-01,3,2022-04-10,False,Activo
MD-00107,CL-00107,Actaris,19,2021-06-06,4,2023-07-17,False,Activo
MD-00108,CL-00108,Sensus,15,2023-05-24,2,,False,Activo
MD-00109,CL-00109,Itron,13,2017-08-14,8,2021-10-12,False,Activo
MD-00110,CL-00110,Actaris,19,2011-07-08,14,2023-06-29,False,Activo
MD-00111,CL-00111,Elster,15,2024-08-11,1,,False,Activo
MD-00112,CL-00112,Zenner,13,2020-11-20,5,2021-01-27,False,Activo
MD-00113,CL-00113,Itron,38,2011-11-10,14,2021-08-29,False,Activo
MD-00114,CL-00114,Zenner,19,2023-01-03,2,,False,Activo
MD-00115,CL-00115,Itron,13,2021-03-22,4,2022-03-29,False,Activo
MD-00116,CL-00116,Sensus,15,2014-05-03,11,2022-12-16,False,Activo
MD-00117,CL-00117,Itron,13,2022-07-15,3,2023-12-17,False,Activo
MD-00118,CL-00118,Actaris,15,2023-05-21,2,,False,Activo
MD-00119,CL-00119,Itron,15,2017-04-19,8,2025-06-13,False,Activo
MD-00120,CL-00120,Zenner,15,2013-11-25,12,2022-11-05,False,Activo
MD-00121,CL-00121,Sensus,13,2019-08-11,6,2026-05-12,False,Activo
MD-00122,CL-00122,Itron,13,2021-11-05,4,2024-10-21,False,Activo
MD-00123,CL-00123,Elster,13,2024-04-22,1,,False,Activo
MD-00124,CL-00124,Itron,25,2020-09-14,5,2026-01-31,False,Activo
MD-00125,CL-00125,Sensus,13,2013-02-27,12,2026-06-14,False,Activo
MD-00126,CL-00126,Actaris,13,2015-05-12,10,2022-11-12,False,Activo
MD-00127,CL-00127,Sensus,15,2015-09-09,10,2022-03-29,False,Activo
MD-00128,CL-00128,Elster,13,2025-07-04,0,,False,Activo
MD-00129,CL-00129,Sensus,15,2014-06-22,11,2025-07-13,False,Activo
MD-00130,CL-00130,Sensus,15,2013-02-20,12,2025-05-31,False,Activo
MD-00131,CL-00131,Zenner,13,2019-11-11,6,2020-09-04,True,Activo
MD-00132,CL-00132,Zenner,13,2022-06-03,3,2021-10-14,False,Activo
MD-00133,CL-00133,Elster,13,2012-02-05,13,2026-03-12,False,Activo
MD-00134,CL-00134,Itron,15,2022-06-26,3,2026-03-28,False,Activo
MD-00135,CL-00135,Zenner,13,2018-11-22,7,2024-09-11,False,Activo
MD-00136,CL-00136,Zenner,19,2018-10-17,7,2025-06-11,False,Activo
MD-00137,CL-00137,Actaris,25,2012-11-07,13,2022-12-26,False,Activo
MD-00138,CL-00138,Elster,38,2018-11-21,7,2022-09-23,False,Activo
MD-00139,CL-00139,Elster,15,2022-05-10,3,2025-03-18,False,Activo
MD-00140,CL-00140,Actaris,13,2019-09-08,6,2021-05-23,False,Activo
MD-00141,CL-00141,Actaris,25,2022-12-07,3,2022-11-24,False,Activo
MD-00142,CL-00142,Actaris,13,2025-01-10,0,,False,Activo
MD-00143,CL-00143,Zenner,13,2015-02-18,10,2022-07-16,False,Activo
MD-00144,CL-00144,Sensus,13,2015-04-18,10,2025-09-09,False,Activo
MD-00145,CL-00145,Itron,38,2011-05-20,14,2024-02-04,False,Activo
MD-00146,CL-00146,Zenner,13,2017-08-08,8,2021-07-15,False,Activo
MD-00147,CL-00147,Actaris,13,2018-11-14,7,2024-11-11,False,Activo
MD-00148,CL-00148,Zenner,13,2014-10-07,11,2024-07-23,False,Activo
MD-00149,CL-00149,Sensus,19,2013-04-05,12,2022-04-12,False,Activo
MD-00150,CL-00150,Sensus,19,2011-02-06,14,2020-10-10,True,Activo
MD-00151,CL-00151,Actaris,13,2015-12-14,10,2020-09-29,True,Activo
MD-00152,CL-00152,Itron,13,2016-08-14,9,2025-10-28,False,Activo
MD-00153,CL-00153,Elster,13,2014-07-17,11,2024-08-04,False,Activo
MD-00154,CL-00154,Sensus,13,2011-10-25,14,2021-05-21,False,Activo
MD-00155,CL-00155,Actaris,13,2024-09-22,1,,False,Activo
MD-00156,CL-00156,Elster,19,2024-03-12,1,,False,Activo
MD-00157,CL-00157,Actaris,38,2011-07-07,14,2023-10-26,False,Activo
MD-00158,CL-00158,Sensus,13,2017-08-20,8,2024-07-10,False,Activo
MD-00159,CL-00159,Zenner,15,2024-09-12,1,,False,Activo
MD-00160,CL-00160,Itron,15,2014-07-25,11,2021-01-21,False,Activo
MD-00161,CL-00161,Itron,15,2019-07-04,6,2024-07-16,False,Activo
MD-00162,CL-00162,Actaris,25,2012-08-13,13,2022-10-20,False,Activo
MD-00163,CL-00163,Actaris,15,2021-06-19,4,2020-08-23,False,Activo
MD-00164,CL-00164,Zenner,15,2016-06-04,9,2021-01-20,False,Activo
MD-00165,CL-00165,Zenner,13,2017-11-06,8,2020-09-06,True,Activo
MD-00166,CL-00166,Actaris,13,2023-12-03,2,,False,Activo
MD-00167,CL-00167,Elster,15,2020-06-08,5,2025-02-18,False,Activo
MD-00168,CL-00168,Itron,13,2023-10-03,2,,False,Activo
MD-00169,CL-00169,Elster,13,2015-05-20,10,2022-03-21,False,Activo
MD-00170,CL-00170,Zenner,13,2011-05-26,14,2025-06-25,False,Activo
MD-00171,CL-00171,Actaris,19,2020-04-13,5,2023-07-07,False,Activo
MD-00172,CL-00172,Zenner,15,2024-01-20,1,,False,Activo
MD-00173,CL-00173,Elster,13,2020-04-01,5,2021-03-24,False,Activo
MD-00174,CL-00174,Sensus,25,2025-08-26,0,,False,Activo
MD-00175,CL-00175,Itron,13,2019-08-08,6,2026-04-07,False,Activo
MD-00176,CL-00176,Elster,15,2015-07-05,10,2021-10-03,False,Activo
MD-00177,CL-00177,Sensus,13,2013-07-02,12,2020-11-17,True,Activo
MD-00178,CL-00178,Sensus,13,2012-07-13,13,2024-05-29,False,Activo
MD-00179,CL-00179,Itron,13,2012-02-13,13,2024-11-22,False,Activo
MD-00180,CL-00180,Itron,15,2021-07-17,4,2026-06-21,False,Activo
MD-00181,CL-00181,Zenner,13,2017-04-10,8,2022-06-18,False,Activo
MD-00182,CL-00182,Elster,13,2019-04-01,6,2023-01-24,False,Activo
MD-00183,CL-00183,Itron,15,2020-01-12,5,2024-06-21,False,Activo
MD-00184,CL-00184,Actaris,13,2017-12-01,8,2021-11-03,False,Activo
MD-00185,CL-00185,Itron,13,2017-08-08,8,2024-02-17,False,Activo
MD-00186,CL-00186,Sensus,13,2025-11-08,0,,False,Activo
MD-00187,CL-00187,Elster,13,2015-07-11,10,2025-02-11,False,Activo
MD-00188,CL-00188,Sensus,13,2016-05-21,9,2025-12-02,False,Activo
MD-00189,CL-00189,Elster,13,2013-03-22,12,2025-05-30,False,Activo
MD-00190,CL-00190,Elster,13,2023-11-24,2,,False,Activo
MD-00191,CL-00191,Zenner,15,2024-08-19,1,,False,Activo
MD-00192,CL-00192,Zenner,19,2020-03-24,5,2021-01-27,False,Activo
MD-00193,CL-00193,Zenner,15,2019-05-19,6,2020-11-20,True,Activo
MD-00194,CL-00194,Zenner,25,2016-01-11,9,2024-11-15,False,Activo
MD-00195,CL-00195,Elster,13,2022-10-17,3,2024-01-28,False,Activo
MD-00196,CL-00196,Zenner,13,2014-03-26,11,2023-09-12,False,Activo
MD-00197,CL-00197,Zenner,13,2018-08-27,7,2024-02-10,False,Activo
MD-00198,CL-00198,Zenner,13,2024-08-01,1,,False,Activo
MD-00199,CL-00199,Zenner,13,2024-04-06,1,,False,Activo
MD-00200,CL-00200,Actaris,13,2011-08-12,14,2021-12-12,False,Activo
MD-00201,CL-00201,Sensus,19,2024-03-26,1,,False,Activo
MD-00202,CL-00202,Itron,19,2022-08-10,3,2023-11-10,False,Activo
MD-00203,CL-00203,Itron,13,2021-03-26,4,2023-09-01,False,Activo
MD-00204,CL-00204,Elster,15,2011-03-12,14,2024-11-25,False,Activo
MD-00205,CL-00205,Sensus,19,2016-02-23,9,2025-05-25,False,Activo
MD-00206,CL-00206,Elster,13,2019-04-23,6,2022-05-25,False,Activo
MD-00207,CL-00207,Actaris,13,2024-03-26,1,,False,Activo
MD-00208,CL-00208,Actaris,15,2025-04-22,0,,False,Activo
MD-00209,CL-00209,Actaris,13,2025-04-06,0,,False,Activo
MD-00210,CL-00210,Elster,13,2016-04-15,9,2025-06-26,False,Activo
MD-00211,CL-00211,Elster,13,2017-10-05,8,2026-05-06,False,Activo
MD-00212,CL-00212,Itron,25,2014-07-04,11,2021-07-31,False,Activo
MD-00213,CL-00213,Itron,13,2014-03-22,11,2024-05-26,False,Activo
MD-00214,CL-00214,Elster,13,2016-09-20,9,2026-03-25,False,Activo
MD-00215,CL-00215,Actaris,13,2015-05-26,10,2022-07-22,False,Activo
MD-00216,CL-00216,Actaris,15,2021-08-27,4,2026-04-02,False,Activo
MD-00217,CL-00217,Sensus,15,2021-09-27,4,2020-12-04,False,Activo
MD-00218,CL-00218,Zenner,13,2014-03-11,11,2023-10-20,False,Activo
MD-00219,CL-00219,Itron,15,2019-10-13,6,2026-03-14,False,Activo
MD-00220,CL-00220,Elster,13,2013-06-26,12,2025-01-28,False,Activo
MD-00221,CL-00221,Sensus,13,2016-05-24,9,2024-04-15,False,Activo
MD-00222,CL-00222,Elster,13,2022-09-12,3,2020-11-03,False,Activo
MD-00223,CL-00223,Elster,13,2018-05-15,7,2024-12-23,False,Activo
MD-00224,CL-00224,Sensus,19,2011-10-22,14,2020-11-01,True,Activo
MD-00225,CL-00225,Itron,13,2025-06-06,0,,False,Activo
MD-00226,CL-00226,Sensus,13,2018-01-17,7,2022-02-11,False,Activo
MD-00227,CL-00227,Actaris,19,2020-01-16,5,2021-11-11,False,Activo
MD-00228,CL-00228,Actaris,13,2012-08-15,13,2023-03-15,False,Activo
MD-00229,CL-00229,Itron,13,2025-05-24,0,,False,Activo
MD-00230,CL-00230,Elster,13,2021-06-26,4,2023-02-01,False,Activo
MD-00231,CL-00231,Actaris,13,2024-10-15,1,,False,Activo
MD-00232,CL-00232,Sensus,25,2020-06-27,5,2021-12-29,False,Activo
MD-00233,CL-00233,Actaris,13,2025-09-14,0,,False,Activo
MD-00234,CL-00234,Itron,15,2014-07-15,11,2023-01-17,False,Activo
MD-00235,CL-00235,Elster,15,2011-12-03,14,2021-07-24,False,Activo
MD-00236,CL-00236,Sensus,19,2022-04-03,3,2026-01-14,False,Activo
MD-00237,CL-00237,Itron,25,2018-08-17,7,2020-09-08,True,Activo
MD-00238,CL-00238,Sensus,13,2023-04-13,2,,False,Activo
MD-00239,CL-00239,Itron,13,2021-04-08,4,2025-04-10,False,Activo
MD-00240,CL-00240,Sensus,13,2012-04-13,13,2021-01-12,False,Activo
MD-00241,CL-00241,Itron,13,2013-02-03,12,2026-06-14,False,Activo
MD-00242,CL-00242,Zenner,19,2019-02-08,6,2024-08-02,False,Activo
MD-00243,CL-00243,Itron,13,2016-09-16,9,2023-02-11,False,Activo
MD-00244,CL-00244,Actaris,15,2020-02-18,5,2020-12-09,True,Activo
MD-00245,CL-00245,Itron,19,2019-12-02,6,2025-08-28,False,Activo
MD-00246,CL-00246,Sensus,13,2019-05-06,6,2025-09-24,False,Activo
MD-00247,CL-00247,Sensus,19,2014-04-23,11,2023-12-21,False,Activo
MD-00248,CL-00248,Actaris,19,2018-10-09,7,2025-03-21,False,Activo
MD-00249,CL-00249,Itron,19,2020-08-27,5,2025-11-26,False,Activo
MD-00250,CL-00250,Zenner,13,2015-01-04,10,2026-06-06,False,Activo
MD-00251,CL-00251,Itron,25,2023-05-22,2,,False,Activo
MD-00252,CL-00252,Itron,13,2022-06-16,3,2025-02-25,False,Activo
MD-00253,CL-00253,Zenner,13,2016-03-09,9,2025-08-15,False,Activo
MD-00254,CL-00254,Elster,13,2012-01-18,13,2025-10-09,False,Activo
MD-00255,CL-00255,Itron,19,2017-07-10,8,2026-01-03,False,Activo
MD-00256,CL-00256,Elster,13,2021-04-23,4,2021-11-10,False,Activo
MD-00257,CL-00257,Elster,15,2013-08-16,12,2026-07-02,False,Activo
MD-00258,CL-00258,Sensus,13,2016-09-14,9,2025-09-20,False,Activo
MD-00259,CL-00259,Itron,15,2011-09-25,14,2021-01-25,False,Activo
MD-00260,CL-00260,Itron,13,2024-10-03,1,,False,Activo
MD-00261,CL-00261,Elster,13,2021-06-13,4,2026-06-02,False,Activo
MD-00262,CL-00262,Sensus,25,2024-12-25,1,,False,Activo
MD-00263,CL-00263,Elster,13,2015-11-16,10,2024-08-16,False,Activo
MD-00264,CL-00264,Sensus,25,2023-05-27,2,,False,Activo
MD-00265,CL-00265,Sensus,15,2017-12-11,8,2026-03-22,False,Activo
MD-00266,CL-00266,Sensus,13,2013-04-07,12,2024-08-02,False,Activo
MD-00267,CL-00267,Zenner,13,2015-11-15,10,2024-12-27,False,Activo
MD-00268,CL-00268,Actaris,13,2012-11-17,13,2020-08-03,True,Activo
MD-00269,CL-00269,Actaris,13,2022-05-08,3,2024-03-20,False,Activo
MD-00270,CL-00270,Actaris,15,2022-12-22,3,2023-07-10,False,Activo
MD-00271,CL-00271,Sensus,15,2021-07-16,4,2021-10-03,False,Activo
MD-00272,CL-00272,Actaris,13,2022-12-05,3,2023-03-24,False,Activo
MD-00273,CL-00273,Actaris,15,2022-04-19,3,2023-07-25,False,Activo
MD-00274,CL-00274,Zenner,13,2021-11-23,4,2026-05-31,False,Activo
MD-00275,CL-00275,Sensus,13,2017-06-04,8,2021-02-08,False,Activo
MD-00276,CL-00276,Zenner,15,2024-05-22,1,,False,Activo
MD-00277,CL-00277,Actaris,13,2023-07-02,2,,False,Activo
MD-00278,CL-00278,Zenner,19,2020-04-22,5,2024-01-18,False,Activo
MD-00279,CL-00279,Itron,13,2022-09-07,3,2021-04-15,False,Activo
MD-00280,CL-00280,Elster,13,2020-04-15,5,2022-05-23,False,Activo
MD-00281,CL-00281,Actaris,13,2022-02-18,3,2024-07-17,False,Activo
MD-00282,CL-00282,Sensus,13,2012-11-05,13,2024-03-06,False,Activo
MD-00283,CL-00283,Sensus,13,2014-02-13,11,2023-05-21,False,Activo
MD-00284,CL-00284,Itron,13,2011-07-04,14,2022-12-27,False,Activo
MD-00285,CL-00285,Actaris,19,2011-03-25,14,2025-09-20,False,Activo
MD-00286,CL-00286,Itron,13,2023-05-02,2,,False,Activo
MD-00287,CL-00287,Elster,13,2024-02-24,1,,False,Activo
MD-00288,CL-00288,Itron,13,2012-07-21,13,2024-06-04,False,Activo
MD-00289,CL-00289,Zenner,15,2015-07-21,10,2025-01-31,False,Activo
MD-00290,CL-00290,Elster,19,2011-02-12,14,2021-02-28,False,Activo
MD-00291,CL-00291,Zenner,15,2014-01-15,11,2025-05-31,False,Activo
MD-00292,CL-00292,Zenner,13,2019-02-10,6,2023-02-07,False,Activo
MD-00293,CL-00293,Sensus,15,2016-11-08,9,2024-09-05,False,Activo
MD-00294,CL-00294,Itron,15,2013-03-12,12,2021-02-16,False,Activo
MD-00295,CL-00295,Elster,15,2025-06-02,0,,False,Activo
MD-00296,CL-00296,Zenner,15,2014-06-20,11,2023-07-06,False,Activo
MD-00297,CL-00297,Elster,15,2013-10-10,12,2022-12-05,False,Activo
MD-00298,CL-00298,Actaris,15,2017-06-10,8,2025-12-05,False,Activo
MD-00299,CL-00299,Zenner,15,2013-06-25,12,2024-06-27,False,Activo
MD-00300,CL-00300,Sensus,13,2015-09-16,10,2023-10-18,False,Activo
MD-00301,CL-00301,Elster,13,2017-02-12,8,2026-04-16,False,Activo
MD-00302,CL-00302,Sensus,19,2017-10-25,8,2022-12-29,False,Activo
MD-00303,CL-00303,Elster,15,2019-12-02,6,2021-12-15,False,Activo
MD-00304,CL-00304,Itron,15,2022-08-22,3,2023-10-23,False,Activo
MD-00305,CL-00305,Zenner,15,2017-02-15,8,2025-12-23,False,Activo
MD-00306,CL-00306,Actaris,13,2022-07-24,3,2024-07-16,False,Activo
MD-00307,CL-00307,Sensus,19,2012-05-18,13,2020-09-07,True,Activo
MD-00308,CL-00308,Zenner,38,2014-06-24,11,2024-11-29,False,Activo
MD-00309,CL-00309,Elster,13,2020-04-24,5,2022-12-02,False,Activo
MD-00310,CL-00310,Sensus,15,2013-04-20,12,2025-03-12,False,Activo
MD-00311,CL-00311,Itron,25,2019-11-16,6,2024-05-18,False,Activo
MD-00312,CL-00312,Zenner,13,2021-08-19,4,2023-04-20,False,Activo
MD-00313,CL-00313,Actaris,13,2013-07-14,12,2022-12-13,False,Activo
MD-00314,CL-00314,Elster,13,2011-12-17,14,2024-02-03,False,Activo
MD-00315,CL-00315,Actaris,19,2014-02-05,11,2021-08-23,False,Activo
MD-00316,CL-00316,Itron,13,2019-08-27,6,2023-02-18,False,Activo
MD-00317,CL-00317,Zenner,13,2011-03-17,14,2023-03-15,False,Activo
MD-00318,CL-00318,Actaris,25,2020-07-08,5,2025-07-11,False,Activo
MD-00319,CL-00319,Actaris,13,2023-05-09,2,,False,Activo
MD-00320,CL-00320,Actaris,38,2017-06-02,8,2023-08-18,False,Activo
MD-00321,CL-00321,Elster,13,2015-09-08,10,2023-12-17,False,Activo
MD-00322,CL-00322,Itron,13,2019-11-07,6,2024-08-31,False,Activo
MD-00323,CL-00323,Itron,19,2016-03-20,9,2023-03-24,False,Activo
MD-00324,CL-00324,Elster,13,2016-05-15,9,2022-12-03,False,Activo
MD-00325,CL-00325,Actaris,15,2013-04-06,12,2026-03-28,False,Activo
MD-00326,CL-00326,Actaris,15,2025-03-03,0,,False,Activo
MD-00327,CL-00327,Zenner,15,2014-04-13,11,2026-06-24,False,Activo
MD-00328,CL-00328,Itron,15,2022-03-22,3,2022-06-28,False,Activo
MD-00329,CL-00329,Actaris,13,2013-11-13,12,2021-08-30,False,Activo
MD-00330,CL-00330,Actaris,15,2020-12-20,5,2026-01-15,False,Activo
MD-00331,CL-00331,Zenner,15,2015-03-08,10,2024-02-26,False,Activo
MD-00332,CL-00332,Itron,13,2016-03-26,9,2025-11-22,False,Activo
MD-00333,CL-00333,Itron,19,2017-04-24,8,2023-10-07,False,Activo
MD-00334,CL-00334,Itron,15,2023-12-15,2,,False,Activo
MD-00335,CL-00335,Sensus,13,2015-11-06,10,2024-03-12,False,Activo
MD-00336,CL-00336,Elster,15,2020-04-06,5,2023-04-28,False,Activo
MD-00337,CL-00337,Itron,13,2025-03-08,0,,False,Activo
MD-00338,CL-00338,Itron,19,2011-08-07,14,2024-01-10,False,Activo
MD-00339,CL-00339,Sensus,15,2022-09-12,3,2021-12-28,False,Activo
MD-00340,CL-00340,Actaris,13,2014-11-19,11,2022-06-13,False,Activo
MD-00341,CL-00341,Elster,25,2021-08-16,4,2023-10-02,False,Activo
MD-00342,CL-00342,Elster,25,2013-06-22,12,2021-05-09,False,Activo
MD-00343,CL-00343,Sensus,13,2022-11-17,3,2022-08-03,False,Activo
MD-00344,CL-00344,Actaris,13,2020-09-23,5,2023-05-26,False,Activo
MD-00345,CL-00345,Elster,13,2014-11-15,11,2023-04-30,False,Activo
MD-00346,CL-00346,Zenner,13,2020-03-01,5,2023-02-21,False,Activo
MD-00347,CL-00347,Itron,13,2023-12-17,2,,False,Activo
MD-00348,CL-00348,Elster,13,2012-04-13,13,2026-05-22,False,Activo
MD-00349,CL-00349,Actaris,13,2016-11-15,9,2025-07-22,False,Activo
MD-00350,CL-00350,Elster,25,2022-10-06,3,2022-10-27,False,Activo
MD-00351,CL-00351,Elster,13,2020-01-18,5,2020-09-08,True,Activo
MD-00352,CL-00352,Actaris,13,2016-09-07,9,2025-07-28,False,Activo
MD-00353,CL-00353,Elster,13,2015-04-01,10,2026-01-05,False,Activo
MD-00354,CL-00354,Elster,15,2014-02-04,11,2022-10-03,False,Activo
MD-00355,CL-00355,Elster,13,2020-10-04,5,2024-12-28,False,Activo
MD-00356,CL-00356,Actaris,13,2024-09-03,1,,False,Activo
MD-00357,CL-00357,Itron,15,2022-02-20,3,2020-09-08,False,Activo
MD-00358,CL-00358,Zenner,13,2012-09-18,13,2020-09-18,True,Activo
MD-00359,CL-00359,Zenner,15,2023-11-27,2,,False,Activo
MD-00360,CL-00360,Elster,19,2019-10-16,6,2020-12-21,True,Activo
MD-00361,CL-00361,Sensus,15,2012-06-11,13,2024-10-20,False,Activo
MD-00362,CL-00362,Sensus,13,2012-04-18,13,2026-02-24,False,Activo
MD-00363,CL-00363,Sensus,25,2019-01-26,6,2021-04-15,False,Activo
MD-00364,CL-00364,Zenner,13,2013-06-06,12,2023-03-09,False,Activo
MD-00365,CL-00365,Sensus,15,2020-03-05,5,2025-11-22,False,Activo
MD-00366,CL-00366,Elster,13,2021-09-10,4,2025-03-23,False,Activo
MD-00367,CL-00367,Elster,19,2014-06-27,11,2022-07-08,False,Activo
MD-00368,CL-00368,Itron,13,2014-07-01,11,2023-11-06,False,Activo
MD-00369,CL-00369,Actaris,13,2011-02-20,14,2021-09-02,False,Activo
MD-00370,CL-00370,Itron,13,2024-03-07,1,,False,Activo
MD-00371,CL-00371,Elster,19,2020-05-26,5,2020-12-16,True,Activo
MD-00372,CL-00372,Zenner,13,2011-10-11,14,2025-06-23,False,Activo
MD-00373,CL-00373,Actaris,13,2022-01-02,3,2024-01-30,False,Activo
MD-00374,CL-00374,Sensus,15,2024-12-06,1,,False,Activo
MD-00375,CL-00375,Itron,25,2017-05-23,8,2026-03-27,False,Activo
MD-00376,CL-00376,Elster,15,2012-07-19,13,2022-08-27,False,Activo
MD-00377,CL-00377,Actaris,15,2013-06-05,12,2022-12-02,False,Activo
MD-00378,CL-00378,Sensus,13,2015-10-27,10,2025-05-07,False,Activo
MD-00379,CL-00379,Itron,13,2013-11-15,12,2023-09-30,False,Activo
MD-00380,CL-00380,Zenner,13,2014-03-06,11,2023-03-10,False,Activo
MD-00381,CL-00381,Sensus,13,2013-03-03,12,2024-06-06,False,Activo
MD-00382,CL-00382,Itron,13,2022-03-21,3,2025-08-03,False,Activo
MD-00383,CL-00383,Elster,15,2019-03-16,6,2022-05-22,False,Activo
MD-00384,CL-00384,Sensus,13,2013-05-25,12,2023-02-10,False,Activo
MD-00385,CL-00385,Zenner,13,2018-01-05,7,2020-11-15,True,Activo
MD-00386,CL-00386,Elster,13,2015-08-24,10,2024-06-13,False,Activo
MD-00387,CL-00387,Zenner,13,2014-09-17,11,2025-03-08,False,Activo
MD-00388,CL-00388,Elster,13,2012-09-04,13,2020-07-25,True,Activo
MD-00389,CL-00389,Elster,13,2020-05-11,5,2024-02-28,False,Activo
MD-00390,CL-00390,Zenner,13,2013-11-14,12,2022-02-10,False,Activo
MD-00391,CL-00391,Itron,15,2014-09-19,11,2024-02-08,False,Activo
MD-00392,CL-00392,Zenner,13,2017-08-20,8,2024-05-15,False,Activo
MD-00393,CL-00393,Itron,25,2012-09-02,13,2023-09-05,False,Activo
MD-00394,CL-00394,Actaris,13,2020-08-16,5,2023-03-23,False,Activo
MD-00395,CL-00395,Sensus,15,2017-04-22,8,2025-07-20,False,Activo
MD-00396,CL-00396,Actaris,13,2024-10-23,1,,False,Activo
MD-00397,CL-00397,Actaris,13,2011-12-15,14,2023-06-27,False,Activo
MD-00398,CL-00398,Itron,38,2017-07-11,8,2024-05-17,False,Activo
MD-00399,CL-00399,Actaris,13,2021-10-14,4,2026-06-30,False,Activo
MD-00400,CL-00400,Itron,25,2017-01-19,8,2024-04-19,False,Activo
MD-00401,CL-00401,Itron,13,2019-08-22,6,2024-05-24,False,Activo
MD-00402,CL-00402,Elster,19,2019-12-27,6,2025-03-08,False,Activo
MD-00403,CL-00403,Actaris,15,2015-04-17,10,2024-01-29,False,Activo
MD-00404,CL-00404,Actaris,15,2024-03-08,1,,False,Activo
MD-00405,CL-00405,Zenner,15,2014-06-22,11,2020-08-24,True,Activo
MD-00406,CL-00406,Actaris,13,2014-08-12,11,2021-02-23,False,Activo
MD-00407,CL-00407,Elster,13,2021-09-09,4,2025-10-20,False,Activo
MD-00408,CL-00408,Itron,13,2023-07-11,2,,False,Activo
MD-00409,CL-00409,Elster,15,2012-11-18,13,2022-07-31,False,Activo
MD-00410,CL-00410,Actaris,13,2019-07-27,6,2020-08-13,True,Activo
MD-00411,CL-00411,Itron,13,2018-03-15,7,2024-05-27,False,Activo
MD-00412,CL-00412,Itron,15,2024-04-27,1,,False,Activo
MD-00413,CL-00413,Sensus,13,2013-09-21,12,2022-11-21,False,Activo
MD-00414,CL-00414,Zenner,13,2013-01-23,12,2024-04-17,False,Activo
MD-00415,CL-00415,Zenner,13,2021-12-17,4,2023-07-02,False,Activo
MD-00416,CL-00416,Elster,13,2017-10-18,8,2021-07-25,False,Activo
MD-00417,CL-00417,Actaris,13,2017-06-06,8,2025-01-24,False,Activo
MD-00418,CL-00418,Actaris,13,2024-08-03,1,,False,Activo
MD-00419,CL-00419,Elster,13,2018-03-18,7,2020-09-04,True,Activo
MD-00420,CL-00420,Zenner,13,2018-03-01,7,2024-07-05,False,Activo
MD-00421,CL-00421,Sensus,19,2025-12-11,0,,False,Activo
MD-00422,CL-00422,Itron,15,2024-03-23,1,,False,Activo
MD-00423,CL-00423,Elster,13,2020-03-09,5,2024-02-22,False,Activo
MD-00424,CL-00424,Zenner,15,2025-02-16,0,,False,Activo
MD-00425,CL-00425,Actaris,15,2024-02-25,1,,False,Activo
MD-00426,CL-00426,Elster,13,2021-10-06,4,2021-06-08,False,Activo
MD-00427,CL-00427,Elster,13,2019-10-10,6,2021-08-17,False,Activo
MD-00428,CL-00428,Actaris,19,2014-08-20,11,2021-11-25,False,Activo
MD-00429,CL-00429,Elster,13,2011-04-08,14,2021-09-03,False,Activo
MD-00430,CL-00430,Itron,15,2016-04-17,9,2024-03-02,False,Activo
MD-00431,CL-00431,Zenner,19,2021-07-05,4,2025-06-19,False,Activo
MD-00432,CL-00432,Zenner,38,2011-02-13,14,2024-05-05,False,Activo
MD-00433,CL-00433,Itron,13,2016-09-08,9,2020-08-19,True,Activo
MD-00434,CL-00434,Itron,13,2012-09-21,13,2021-07-19,False,Activo
MD-00435,CL-00435,Zenner,13,2013-10-13,12,2020-10-15,True,Activo
MD-00436,CL-00436,Zenner,15,2014-05-10,11,2025-03-27,False,Activo
MD-00437,CL-00437,Zenner,13,2022-07-02,3,2023-07-13,False,Activo
MD-00438,CL-00438,Actaris,13,2018-07-21,7,2021-09-17,False,Activo
MD-00439,CL-00439,Elster,13,2023-05-23,2,,False,Activo
MD-00440,CL-00440,Elster,13,2022-12-23,3,2026-03-08,False,Activo
MD-00441,CL-00441,Zenner,13,2017-10-07,8,2025-05-31,False,Activo
MD-00442,CL-00442,Itron,13,2020-03-26,5,2025-04-02,False,Activo
MD-00443,CL-00443,Itron,13,2020-04-05,5,2025-12-20,False,Activo
MD-00444,CL-00444,Elster,13,2014-03-15,11,2024-06-12,False,Activo
MD-00445,CL-00445,Itron,19,2017-12-23,8,2023-01-30,False,Activo
MD-00446,CL-00446,Zenner,13,2025-03-06,0,,False,Activo
MD-00447,CL-00447,Itron,13,2023-01-25,2,,False,Activo
MD-00448,CL-00448,Sensus,13,2014-04-19,11,2022-02-04,False,Activo
MD-00449,CL-00449,Sensus,15,2013-07-27,12,2025-05-15,False,Activo
MD-00450,CL-00450,Sensus,25,2017-06-24,8,2023-04-01,False,Activo
MD-00451,CL-00451,Elster,15,2013-09-23,12,2021-12-22,False,Activo
MD-00452,CL-00452,Sensus,13,2015-10-19,10,2026-03-18,False,Activo
MD-00453,CL-00453,Itron,25,2015-06-14,10,2024-12-12,False,Activo
MD-00454,CL-00454,Itron,19,2021-06-24,4,2022-04-08,False,Activo
MD-00455,CL-00455,Elster,38,2022-06-27,3,2020-09-08,False,Activo
MD-00456,CL-00456,Zenner,15,2013-08-24,12,2025-05-24,False,Activo
MD-00457,CL-00457,Itron,25,2023-06-13,2,,False,Activo
MD-00458,CL-00458,Elster,19,2020-07-12,5,2023-07-05,False,Activo
MD-00459,CL-00459,Sensus,13,2016-05-01,9,2025-03-25,False,Activo
MD-00460,CL-00460,Elster,13,2021-09-27,4,2021-02-02,False,Activo
MD-00461,CL-00461,Itron,19,2021-03-20,4,2024-05-23,False,Activo
MD-00462,CL-00462,Zenner,13,2011-01-24,14,2022-03-15,False,Activo
MD-00463,CL-00463,Sensus,13,2024-06-14,1,,False,Activo
MD-00464,CL-00464,Sensus,15,2020-11-15,5,2022-11-20,False,Activo
MD-00465,CL-00465,Actaris,13,2018-03-15,7,2024-07-09,False,Activo
MD-00466,CL-00466,Elster,13,2018-08-20,7,2024-02-15,False,Activo
MD-00467,CL-00467,Elster,13,2024-12-14,1,,False,Activo
MD-00468,CL-00468,Actaris,13,2024-06-07,1,,False,Activo
MD-00469,CL-00469,Itron,13,2013-09-06,12,2025-12-12,False,Activo
MD-00470,CL-00470,Elster,15,2025-05-14,0,,False,Activo
MD-00471,CL-00471,Actaris,15,2013-04-21,12,2024-08-10,False,Activo
MD-00472,CL-00472,Sensus,15,2023-05-16,2,,False,Activo
MD-00473,CL-00473,Sensus,13,2025-11-17,0,,False,Activo
MD-00474,CL-00474,Sensus,15,2022-05-07,3,2025-12-28,False,Activo
MD-00475,CL-00475,Actaris,13,2025-07-25,0,,False,Activo
MD-00476,CL-00476,Elster,13,2023-09-05,2,,False,Activo
MD-00477,CL-00477,Itron,19,2017-02-09,8,2022-01-27,False,Activo
MD-00478,CL-00478,Actaris,13,2020-06-02,5,2024-11-11,False,Activo
MD-00479,CL-00479,Elster,13,2012-01-18,13,2023-10-18,False,Activo
MD-00480,CL-00480,Zenner,13,2025-08-04,0,,False,Activo
MD-00481,CL-00481,Elster,15,2015-11-27,10,2023-07-01,False,Activo
MD-00482,CL-00482,Zenner,38,2017-07-04,8,2021-10-15,False,Activo
MD-00483,CL-00483,Sensus,13,2024-07-18,1,,False,Activo
MD-00484,CL-00484,Actaris,15,2025-08-18,0,,False,Activo
MD-00485,CL-00485,Elster,19,2015-07-10,10,2024-05-31,False,Activo
MD-00486,CL-00486,Sensus,13,2019-06-19,6,2022-01-21,False,Activo
MD-00487,CL-00487,Sensus,38,2022-03-07,3,2022-10-10,False,Activo
MD-00488,CL-00488,Sensus,13,2018-06-22,7,2022-01-24,False,Activo
MD-00489,CL-00489,Sensus,13,2012-01-20,13,2024-11-20,False,Activo
MD-00490,CL-00490,Elster,13,2021-10-14,4,2022-03-23,False,Activo
MD-00491,CL-00491,Itron,13,2014-10-19,11,2024-06-21,False,Activo
MD-00492,CL-00492,Elster,25,2022-08-27,3,2025-12-01,False,Activo
MD-00493,CL-00493,Itron,13,2025-08-15,0,,False,Activo
MD-00494,CL-00494,Actaris,19,2017-07-03,8,2026-05-23,False,Activo
MD-00495,CL-00495,Sensus,13,2022-03-09,3,2024-07-07,False,Activo
MD-00496,CL-00496,Sensus,13,2011-02-23,14,2023-01-20,False,Activo
MD-00497,CL-00497,Itron,15,2012-07-25,13,2026-02-08,False,Activo
MD-00498,CL-00498,Sensus,19,2023-09-12,2,,False,Activo
MD-00499,CL-00499,Actaris,13,2013-01-20,12,2023-08-16,False,Activo
MD-00500,CL-00500,Elster,13,2021-01-19,4,2024-07-15,False,Activo
MD-00501,CL-00501,Actaris,13,2021-12-27,4,2025-10-10,False,Activo
MD-00502,CL-00502,Zenner,25,2016-12-01,9,2023-07-31,False,Activo
MD-00503,CL-00503,Itron,19,2015-01-25,10,2025-04-05,False,Activo
MD-00504,CL-00504,Zenner,13,2014-05-07,11,2023-11-28,False,Activo
MD-00505,CL-00505,Itron,15,2012-04-14,13,2025-09-04,False,Activo
MD-00506,CL-00506,Zenner,15,2024-01-05,1,,False,Activo
MD-00507,CL-00507,Actaris,13,2017-04-01,8,2024-07-04,False,Activo
MD-00508,CL-00508,Actaris,13,2023-02-06,2,,False,Activo
MD-00509,CL-00509,Zenner,25,2019-10-13,6,2026-02-06,False,Activo
MD-00510,CL-00510,Itron,25,2025-04-13,0,,False,Activo
MD-00511,CL-00511,Sensus,13,2013-02-23,12,2024-06-20,False,Activo
MD-00512,CL-00512,Actaris,13,2019-06-23,6,2026-03-17,False,Activo
MD-00513,CL-00513,Actaris,13,2011-03-23,14,2024-04-26,False,Activo
MD-00514,CL-00514,Itron,19,2017-09-23,8,2025-09-01,False,Activo
MD-00515,CL-00515,Elster,13,2011-02-11,14,2025-07-14,False,Activo
MD-00516,CL-00516,Sensus,13,2012-04-06,13,2021-11-01,False,Activo
MD-00517,CL-00517,Zenner,13,2024-04-21,1,,False,Activo
MD-00518,CL-00518,Sensus,15,2016-03-15,9,2026-05-31,False,Activo
MD-00519,CL-00519,Elster,13,2014-08-16,11,2025-07-09,False,Activo
MD-00520,CL-00520,Itron,19,2012-11-17,13,2023-08-24,False,Activo
MD-00521,CL-00521,Actaris,13,2024-04-18,1,,False,Activo
MD-00522,CL-00522,Sensus,13,2019-12-22,6,2021-12-24,False,Activo
MD-00523,CL-00523,Itron,13,2016-09-05,9,2020-09-18,True,Activo
MD-00524,CL-00524,Elster,13,2017-08-08,8,2024-07-08,False,Activo
MD-00525,CL-00525,Elster,13,2021-09-02,4,2023-04-21,False,Activo
MD-00526,CL-00526,Elster,13,2018-09-04,7,2022-09-23,False,Activo
MD-00527,CL-00527,Itron,13,2024-08-26,1,,False,Activo
MD-00528,CL-00528,Sensus,13,2024-07-24,1,,False,Activo
MD-00529,CL-00529,Zenner,19,2024-10-16,1,,False,Activo
MD-00530,CL-00530,Elster,13,2024-01-09,1,,False,Activo
MD-00531,CL-00531,Zenner,15,2022-02-27,3,2023-05-14,False,Activo
MD-00532,CL-00532,Elster,13,2011-11-12,14,2026-02-01,False,Activo
MD-00533,CL-00533,Itron,13,2015-12-05,10,2025-12-12,False,Activo
MD-00534,CL-00534,Sensus,13,2016-09-26,9,2022-04-14,False,Activo
MD-00535,CL-00535,Itron,13,2025-02-21,0,,False,Activo
MD-00536,CL-00536,Zenner,15,2016-03-17,9,2021-06-29,False,Activo
MD-00537,CL-00537,Itron,15,2025-08-03,0,,False,Activo
MD-00538,CL-00538,Zenner,15,2016-03-08,9,2025-11-04,False,Activo
MD-00539,CL-00539,Zenner,19,2020-07-14,5,2022-12-28,False,Activo
MD-00540,CL-00540,Elster,13,2013-06-01,12,2025-05-13,False,Activo
MD-00541,CL-00541,Actaris,13,2020-10-08,5,2023-11-27,False,Activo
MD-00542,CL-00542,Elster,13,2020-04-16,5,2024-06-24,False,Activo
MD-00543,CL-00543,Elster,15,2016-10-14,9,2024-06-07,False,Activo
MD-00544,CL-00544,Zenner,13,2013-04-03,12,2022-05-06,False,Activo
MD-00545,CL-00545,Zenner,13,2016-11-02,9,2025-10-07,False,Activo
MD-00546,CL-00546,Elster,15,2014-10-12,11,2024-11-29,False,Activo
MD-00547,CL-00547,Sensus,13,2018-02-12,7,2026-07-10,False,Activo
MD-00548,CL-00548,Sensus,25,2022-08-02,3,2024-09-06,False,Activo
MD-00549,CL-00549,Zenner,15,2011-07-17,14,2025-09-27,False,Activo
MD-00550,CL-00550,Itron,13,2022-11-14,3,2020-09-23,False,Activo
MD-00551,CL-00551,Itron,13,2018-02-04,7,2020-09-06,True,Activo
MD-00552,CL-00552,Zenner,13,2013-06-13,12,2024-11-19,False,Activo
MD-00553,CL-00553,Actaris,13,2014-04-27,11,2022-05-16,False,Activo
MD-00554,CL-00554,Zenner,19,2019-03-06,6,2025-05-03,False,Activo
MD-00555,CL-00555,Itron,15,2015-05-16,10,2022-09-15,False,Activo
MD-00556,CL-00556,Actaris,15,2011-03-26,14,2024-11-11,False,Activo
MD-00557,CL-00557,Itron,13,2021-09-15,4,2024-02-12,False,Activo
MD-00558,CL-00558,Actaris,19,2025-10-21,0,,False,Activo
MD-00559,CL-00559,Actaris,13,2020-08-10,5,2023-09-25,False,Activo
MD-00560,CL-00560,Sensus,25,2012-07-14,13,2022-12-11,False,Activo
MD-00561,CL-00561,Sensus,13,2014-07-14,11,2021-07-13,False,Activo
MD-00562,CL-00562,Itron,13,2016-01-17,9,2025-06-23,False,Activo
MD-00563,CL-00563,Zenner,13,2023-01-12,2,,False,Activo
MD-00564,CL-00564,Elster,25,2024-10-21,1,,False,Activo
MD-00565,CL-00565,Zenner,15,2021-03-02,4,2020-11-05,False,Activo
MD-00566,CL-00566,Actaris,15,2024-06-08,1,,False,Activo
MD-00567,CL-00567,Elster,13,2011-09-12,14,2021-09-20,False,Activo
MD-00568,CL-00568,Zenner,13,2016-11-21,9,2021-07-28,False,Activo
MD-00569,CL-00569,Actaris,13,2022-08-04,3,2026-06-15,False,Activo
MD-00570,CL-00570,Actaris,19,2013-06-18,12,2024-02-28,False,Activo
MD-00571,CL-00571,Zenner,25,2014-02-07,11,2021-09-18,False,Activo
MD-00572,CL-00572,Sensus,15,2019-09-01,6,2020-10-24,True,Activo
MD-00573,CL-00573,Zenner,19,2020-12-22,5,2023-05-06,False,Activo
MD-00574,CL-00574,Elster,15,2012-10-06,13,2021-11-26,False,Activo
MD-00575,CL-00575,Sensus,15,2020-08-19,5,2024-12-20,False,Activo
MD-00576,CL-00576,Actaris,13,2021-08-06,4,2025-12-25,False,Activo
MD-00577,CL-00577,Itron,15,2019-08-01,6,2025-08-10,False,Activo
MD-00578,CL-00578,Zenner,13,2014-09-20,11,2024-01-30,False,Activo
MD-00579,CL-00579,Elster,15,2015-10-14,10,2022-02-27,False,Activo
MD-00580,CL-00580,Itron,15,2016-10-25,9,2025-04-09,False,Activo
MD-00581,CL-00581,Actaris,15,2017-04-08,8,2022-08-12,False,Activo
MD-00582,CL-00582,Actaris,13,2019-08-01,6,2024-04-24,False,Activo
MD-00583,CL-00583,Sensus,15,2011-01-05,14,2024-08-26,False,Activo
MD-00584,CL-00584,Sensus,13,2023-02-22,2,,False,Activo
MD-00585,CL-00585,Actaris,13,2018-08-12,7,2021-12-27,False,Activo
MD-00586,CL-00586,Sensus,25,2022-01-11,3,2026-02-03,False,Activo
MD-00587,CL-00587,Actaris,15,2022-01-15,3,2020-12-02,False,Activo
MD-00588,CL-00588,Sensus,13,2022-10-19,3,2021-05-13,False,Activo
MD-00589,CL-00589,Itron,13,2023-10-23,2,,False,Activo
MD-00590,CL-00590,Sensus,13,2025-12-24,0,,False,Activo
MD-00591,CL-00591,Actaris,13,2018-02-25,7,2023-11-23,False,Activo
MD-00592,CL-00592,Sensus,13,2020-03-03,5,2022-08-24,False,Activo
MD-00593,CL-00593,Sensus,13,2016-10-12,9,2022-08-31,False,Activo
MD-00594,CL-00594,Actaris,15,2014-02-13,11,2024-08-07,False,Activo
MD-00595,CL-00595,Sensus,19,2024-05-07,1,,False,Activo
MD-00596,CL-00596,Zenner,19,2014-07-08,11,2024-09-03,False,Activo
MD-00597,CL-00597,Actaris,13,2011-05-13,14,2024-05-10,False,Activo
MD-00598,CL-00598,Sensus,19,2022-09-21,3,2022-05-04,False,Activo
MD-00599,CL-00599,Zenner,15,2018-07-08,7,2022-08-07,False,Activo
MD-00600,CL-00600,Elster,13,2011-04-21,14,2024-06-27,False,Activo
MD-00601,CL-00601,Actaris,13,2014-10-05,11,2026-04-19,False,Activo
MD-00602,CL-00602,Actaris,13,2013-01-27,12,2021-02-07,False,Activo
MD-00603,CL-00603,Actaris,13,2012-04-08,13,2021-10-18,False,Activo
MD-00604,CL-00604,Actaris,13,2014-12-26,11,2021-11-25,False,Activo
MD-00605,CL-00605,Zenner,13,2025-12-09,0,,False,Activo
MD-00606,CL-00606,Itron,13,2022-06-24,3,2020-12-04,False,Activo
MD-00607,CL-00607,Sensus,13,2012-02-13,13,2025-12-29,False,Activo
MD-00608,CL-00608,Zenner,15,2016-11-10,9,2024-02-13,False,Activo
MD-00609,CL-00609,Actaris,25,2019-08-09,6,2025-03-03,False,Activo
MD-00610,CL-00610,Actaris,13,2016-11-25,9,2024-08-29,False,Activo
MD-00611,CL-00611,Zenner,25,2020-03-10,5,2024-08-24,False,Activo
MD-00612,CL-00612,Zenner,25,2011-02-16,14,2025-06-27,False,Activo
MD-00613,CL-00613,Actaris,13,2014-02-04,11,2025-01-16,False,Activo
MD-00614,CL-00614,Itron,25,2013-05-18,12,2024-04-06,False,Activo
MD-00615,CL-00615,Sensus,15,2011-09-23,14,2025-07-14,False,Activo
MD-00616,CL-00616,Sensus,15,2022-09-13,3,2022-07-10,False,Activo
MD-00617,CL-00617,Actaris,13,2016-12-20,9,2021-01-04,False,Activo
MD-00618,CL-00618,Elster,13,2025-07-26,0,,False,Activo
MD-00619,CL-00619,Sensus,15,2015-08-03,10,2024-11-13,False,Activo
MD-00620,CL-00620,Zenner,15,2016-01-06,9,2025-12-22,False,Activo
MD-00621,CL-00621,Sensus,25,2017-04-07,8,2021-03-17,False,Activo
MD-00622,CL-00622,Itron,13,2018-07-15,7,2021-12-21,False,Activo
MD-00623,CL-00623,Zenner,13,2019-08-17,6,2022-08-27,False,Activo
MD-00624,CL-00624,Zenner,13,2017-11-04,8,2020-09-17,True,Activo
MD-00625,CL-00625,Sensus,19,2023-06-17,2,,False,Activo
MD-00626,CL-00626,Zenner,13,2019-12-17,6,2026-07-03,False,Activo
MD-00627,CL-00627,Sensus,19,2018-04-12,7,2021-07-16,False,Activo
MD-00628,CL-00628,Zenner,13,2021-04-15,4,2022-09-08,False,Activo
MD-00629,CL-00629,Actaris,19,2021-01-18,4,2025-11-06,False,Activo
MD-00630,CL-00630,Zenner,13,2012-02-14,13,2025-06-11,False,Activo
MD-00631,CL-00631,Zenner,13,2022-03-13,3,2021-06-07,False,Activo
MD-00632,CL-00632,Itron,25,2014-05-04,11,2023-02-22,False,Activo
MD-00633,CL-00633,Sensus,13,2021-07-10,4,2024-08-05,False,Activo
MD-00634,CL-00634,Sensus,13,2019-05-26,6,2025-12-23,False,Activo
MD-00635,CL-00635,Actaris,13,2015-12-19,10,2025-05-18,False,Activo
MD-00636,CL-00636,Actaris,15,2014-01-07,11,2022-08-08,False,Activo
MD-00637,CL-00637,Actaris,13,2025-09-17,0,,False,Activo
MD-00638,CL-00638,Itron,13,2012-04-08,13,2024-09-09,False,Activo
MD-00639,CL-00639,Actaris,15,2022-02-01,3,2023-09-06,False,Activo
MD-00640,CL-00640,Zenner,13,2025-11-17,0,,False,Activo
MD-00641,CL-00641,Elster,15,2016-06-25,9,2023-07-08,False,Activo
MD-00642,CL-00642,Zenner,13,2015-05-16,10,2023-09-17,False,Activo
MD-00643,CL-00643,Actaris,15,2020-09-05,5,2023-11-12,False,Activo
MD-00644,CL-00644,Elster,38,2020-09-19,5,2024-08-07,False,Activo
MD-00645,CL-00645,Itron,13,2023-10-21,2,,False,Activo
MD-00646,CL-00646,Actaris,13,2023-09-13,2,,False,Activo
MD-00647,CL-00647,Sensus,13,2022-12-13,3,2022-08-19,False,Activo
MD-00648,CL-00648,Itron,13,2019-07-06,6,2022-08-05,False,Activo
MD-00649,CL-00649,Elster,15,2025-07-09,0,,False,Activo
MD-00650,CL-00650,Sensus,25,2023-03-24,2,,False,Activo
MD-00651,CL-00651,Itron,13,2022-09-17,3,2021-01-07,False,Activo
MD-00652,CL-00652,Elster,13,2011-04-19,14,2024-05-01,False,Activo
MD-00653,CL-00653,Itron,13,2024-05-22,1,,False,Activo
MD-00654,CL-00654,Actaris,13,2019-04-08,6,2023-02-16,False,Activo
MD-00655,CL-00655,Zenner,15,2017-05-12,8,2020-10-13,True,Activo
MD-00656,CL-00656,Actaris,13,2017-04-19,8,2024-02-29,False,Activo
MD-00657,CL-00657,Sensus,13,2017-03-12,8,2025-12-29,False,Activo
MD-00658,CL-00658,Elster,19,2018-11-03,7,2021-01-09,False,Activo
MD-00659,CL-00659,Zenner,13,2014-09-15,11,2021-12-06,False,Activo
MD-00660,CL-00660,Itron,13,2013-03-22,12,2021-02-06,False,Activo
MD-00661,CL-00661,Actaris,13,2014-04-01,11,2023-05-26,False,Activo
MD-00662,CL-00662,Itron,13,2025-10-15,0,,False,Activo
MD-00663,CL-00663,Sensus,19,2012-07-22,13,2025-12-13,False,Activo
MD-00664,CL-00664,Itron,13,2015-12-18,10,2022-05-14,False,Activo
MD-00665,CL-00665,Sensus,13,2013-02-12,12,2025-07-06,False,Activo
MD-00666,CL-00666,Itron,13,2024-12-06,1,,False,Activo
MD-00667,CL-00667,Itron,25,2015-09-14,10,2022-06-01,False,Activo
MD-00668,CL-00668,Zenner,13,2021-12-04,4,2024-08-23,False,Activo
MD-00669,CL-00669,Itron,13,2014-12-02,11,2024-09-02,False,Activo
MD-00670,CL-00670,Zenner,13,2011-07-16,14,2024-09-24,False,Activo
MD-00671,CL-00671,Elster,13,2019-04-15,6,2026-01-30,False,Activo
MD-00672,CL-00672,Actaris,15,2017-12-10,8,2023-01-17,False,Activo
MD-00673,CL-00673,Sensus,15,2016-06-12,9,2023-05-20,False,Activo
MD-00674,CL-00674,Elster,13,2011-12-26,14,2023-10-21,False,Activo
MD-00675,CL-00675,Zenner,13,2012-09-19,13,2021-03-08,False,Activo
MD-00676,CL-00676,Sensus,15,2019-07-02,6,2023-04-10,False,Activo
MD-00677,CL-00677,Zenner,15,2016-03-02,9,2022-01-09,False,Activo
MD-00678,CL-00678,Sensus,13,2020-02-05,5,2022-01-15,False,Activo
MD-00679,CL-00679,Sensus,13,2023-06-22,2,,False,Activo
MD-00680,CL-00680,Elster,15,2013-12-16,12,2021-02-10,False,Activo
MD-00681,CL-00681,Sensus,13,2018-02-04,7,2025-08-07,False,Activo
MD-00682,CL-00682,Itron,13,2025-04-06,0,,False,Activo
MD-00683,CL-00683,Actaris,13,2016-09-27,9,2025-08-13,False,Activo
MD-00684,CL-00684,Itron,13,2018-06-04,7,2024-07-18,False,Activo
MD-00685,CL-00685,Itron,13,2022-09-05,3,2025-07-10,False,Activo
MD-00686,CL-00686,Actaris,19,2014-09-08,11,2022-10-15,False,Activo
MD-00687,CL-00687,Elster,13,2012-11-06,13,2023-01-29,False,Activo
MD-00688,CL-00688,Elster,38,2025-03-17,0,,False,Activo
MD-00689,CL-00689,Zenner,13,2013-04-02,12,2024-11-14,False,Activo
MD-00690,CL-00690,Itron,19,2015-10-22,10,2025-10-03,False,Activo
MD-00691,CL-00691,Zenner,15,2023-12-26,2,,False,Activo
MD-00692,CL-00692,Actaris,13,2022-07-07,3,2021-07-16,False,Activo
MD-00693,CL-00693,Sensus,13,2021-12-13,4,2023-02-03,False,Activo
MD-00694,CL-00694,Actaris,13,2018-06-16,7,2025-11-02,False,Activo
MD-00695,CL-00695,Itron,15,2018-05-26,7,2021-07-31,False,Activo
MD-00696,CL-00696,Sensus,15,2021-08-10,4,2023-02-01,False,Activo
MD-00697,CL-00697,Actaris,13,2023-08-11,2,,False,Activo
MD-00698,CL-00698,Zenner,13,2024-06-09,1,,False,Activo
MD-00699,CL-00699,Elster,13,2024-09-12,1,,False,Activo
MD-00700,CL-00700,Sensus,19,2020-07-27,5,2023-08-16,False,Activo
MD-00701,CL-00701,Zenner,13,2022-09-15,3,2023-09-11,False,Activo
MD-00702,CL-00702,Zenner,13,2018-05-17,7,2023-08-10,False,Activo
MD-00703,CL-00703,Sensus,15,2024-05-07,1,,False,Activo
MD-00704,CL-00704,Sensus,13,2021-05-19,4,2025-03-29,False,Activo
MD-00705,CL-00705,Elster,13,2015-12-18,10,2023-03-12,False,Activo
MD-00706,CL-00706,Zenner,13,2020-03-02,5,2021-07-01,False,Activo
MD-00707,CL-00707,Itron,19,2013-09-16,12,2024-01-28,False,Activo
MD-00708,CL-00708,Actaris,15,2014-05-07,11,2026-02-19,False,Activo
MD-00709,CL-00709,Actaris,13,2013-11-26,12,2023-01-31,False,Activo
MD-00710,CL-00710,Actaris,13,2019-10-15,6,2021-12-11,False,Activo
MD-00711,CL-00711,Actaris,19,2021-07-02,4,2024-02-28,False,Activo
MD-00712,CL-00712,Actaris,19,2016-03-09,9,2023-02-16,False,Activo
MD-00713,CL-00713,Zenner,13,2016-03-07,9,2020-08-29,True,Activo
MD-00714,CL-00714,Elster,38,2018-04-11,7,2025-08-09,False,Activo
MD-00715,CL-00715,Actaris,13,2015-11-01,10,2026-01-29,False,Activo
MD-00716,CL-00716,Zenner,19,2020-02-27,5,2024-02-16,False,Activo
MD-00717,CL-00717,Itron,13,2024-11-01,1,,False,Activo
MD-00718,CL-00718,Elster,15,2014-07-01,11,2026-03-29,False,Activo
MD-00719,CL-00719,Sensus,19,2022-03-19,3,2023-02-26,False,Activo
MD-00720,CL-00720,Elster,13,2014-10-05,11,2023-07-04,False,Activo
MD-00721,CL-00721,Sensus,13,2014-06-10,11,2020-11-23,True,Activo
MD-00722,CL-00722,Elster,38,2020-05-17,5,2022-07-21,False,Activo
MD-00723,CL-00723,Actaris,15,2021-10-21,4,2024-10-24,False,Activo
MD-00724,CL-00724,Actaris,13,2011-12-26,14,2024-11-12,False,Activo
MD-00725,CL-00725,Actaris,13,2015-01-16,10,2025-06-20,False,Activo
MD-00726,CL-00726,Itron,13,2011-08-16,14,2023-10-12,False,Activo
MD-00727,CL-00727,Sensus,13,2020-11-06,5,2026-01-17,False,Activo
MD-00728,CL-00728,Elster,19,2015-06-14,10,2021-04-16,False,Activo
MD-00729,CL-00729,Actaris,13,2018-01-21,7,2024-08-08,False,Activo
MD-00730,CL-00730,Zenner,13,2020-05-24,5,2024-11-18,False,Activo
MD-00731,CL-00731,Actaris,13,2012-02-25,13,2023-03-09,False,Activo
MD-00732,CL-00732,Actaris,15,2011-10-10,14,2024-08-07,False,Activo
MD-00733,CL-00733,Actaris,13,2022-04-13,3,2021-02-20,False,Activo
MD-00734,CL-00734,Actaris,13,2019-09-08,6,2021-07-30,False,Activo
MD-00735,CL-00735,Actaris,13,2014-06-14,11,2025-02-07,False,Activo
MD-00736,CL-00736,Actaris,13,2017-09-27,8,2022-03-22,False,Activo
MD-00737,CL-00737,Zenner,15,2023-01-11,2,,False,Activo
MD-00738,CL-00738,Sensus,13,2019-05-10,6,2021-11-30,False,Activo
MD-00739,CL-00739,Sensus,15,2015-10-14,10,2025-03-11,False,Activo
MD-00740,CL-00740,Sensus,13,2021-11-01,4,2026-01-22,False,Activo
MD-00741,CL-00741,Actaris,13,2017-06-03,8,2023-09-22,False,Activo
MD-00742,CL-00742,Sensus,15,2021-02-26,4,2020-10-08,False,Activo
MD-00743,CL-00743,Actaris,13,2024-12-22,1,,False,Activo
MD-00744,CL-00744,Elster,13,2018-04-01,7,2023-07-21,False,Activo
MD-00745,CL-00745,Actaris,15,2025-05-20,0,,False,Activo
MD-00746,CL-00746,Itron,13,2011-03-14,14,2025-08-22,False,Activo
MD-00747,CL-00747,Elster,13,2014-10-13,11,2021-01-30,False,Activo
MD-00748,CL-00748,Zenner,13,2016-03-24,9,2022-04-16,False,Activo
MD-00749,CL-00749,Itron,13,2018-11-17,7,2021-06-14,False,Activo
MD-00750,CL-00750,Itron,19,2011-09-02,14,2021-05-30,False,Activo
MD-00751,CL-00751,Itron,25,2016-03-04,9,2024-03-09,False,Activo
MD-00752,CL-00752,Sensus,38,2013-10-11,12,2021-12-29,False,Activo
MD-00753,CL-00753,Itron,13,2017-10-18,8,2022-04-29,False,Activo
MD-00754,CL-00754,Sensus,13,2014-07-17,11,2020-10-25,True,Activo
MD-00755,CL-00755,Zenner,13,2011-02-09,14,2024-08-13,False,Activo
MD-00756,CL-00756,Elster,13,2021-04-13,4,2023-11-10,False,Activo
MD-00757,CL-00757,Elster,15,2023-06-04,2,,False,Activo
MD-00758,CL-00758,Actaris,13,2016-03-01,9,2025-04-02,False,Activo
MD-00759,CL-00759,Actaris,13,2020-08-11,5,2021-12-18,False,Activo
MD-00760,CL-00760,Zenner,25,2021-04-04,4,2022-01-06,False,Activo
MD-00761,CL-00761,Elster,13,2021-02-18,4,2021-05-02,False,Activo
MD-00762,CL-00762,Zenner,15,2024-05-04,1,,False,Activo
MD-00763,CL-00763,Actaris,13,2019-06-26,6,2022-09-17,False,Activo
MD-00764,CL-00764,Elster,13,2014-03-09,11,2022-10-07,False,Activo
MD-00765,CL-00765,Itron,13,2022-11-01,3,2022-10-23,False,Activo
MD-00766,CL-00766,Sensus,13,2016-03-20,9,2021-08-25,False,Activo
MD-00767,CL-00767,Sensus,13,2023-11-05,2,,False,Activo
MD-00768,CL-00768,Zenner,13,2014-07-14,11,2024-03-13,False,Activo
MD-00769,CL-00769,Sensus,25,2025-10-10,0,,False,Activo
MD-00770,CL-00770,Elster,13,2021-10-09,4,2021-03-14,False,Activo
MD-00771,CL-00771,Elster,13,2022-02-09,3,2022-07-12,False,Activo
MD-00772,CL-00772,Sensus,13,2024-09-15,1,,False,Activo
MD-00773,CL-00773,Sensus,13,2013-04-18,12,2024-01-31,False,Activo
MD-00774,CL-00774,Itron,15,2014-07-16,11,2025-01-11,False,Activo
MD-00775,CL-00775,Actaris,15,2023-02-10,2,,False,Activo
MD-00776,CL-00776,Elster,19,2016-04-26,9,2024-04-24,False,Activo
MD-00777,CL-00777,Elster,25,2013-04-23,12,2021-09-14,False,Activo
MD-00778,CL-00778,Sensus,15,2021-08-12,4,2021-01-18,False,Activo
MD-00779,CL-00779,Elster,13,2020-05-13,5,2025-08-24,False,Activo
MD-00780,CL-00780,Zenner,15,2025-03-18,0,,False,Activo
MD-00781,CL-00781,Sensus,13,2016-09-09,9,2021-10-04,False,Activo
MD-00782,CL-00782,Itron,13,2023-04-25,2,,False,Activo
MD-00783,CL-00783,Elster,13,2014-03-23,11,2022-05-02,False,Activo
MD-00784,CL-00784,Zenner,15,2020-09-12,5,2023-02-26,False,Activo
MD-00785,CL-00785,Sensus,15,2024-05-26,1,,False,Activo
MD-00786,CL-00786,Sensus,15,2018-11-25,7,2024-03-25,False,Activo
MD-00787,CL-00787,Itron,38,2019-06-22,6,2021-11-21,False,Activo
MD-00788,CL-00788,Actaris,13,2016-09-24,9,2025-04-24,False,Activo
MD-00789,CL-00789,Sensus,19,2014-10-17,11,2025-11-10,False,Activo
MD-00790,CL-00790,Sensus,13,2022-02-11,3,2024-08-27,False,Activo
MD-00791,CL-00791,Zenner,13,2021-04-08,4,2025-09-03,False,Activo
MD-00792,CL-00792,Sensus,13,2020-05-27,5,2024-07-11,False,Activo
MD-00793,CL-00793,Sensus,13,2013-12-08,12,2024-01-19,False,Activo
MD-00794,CL-00794,Elster,15,2017-03-20,8,2023-06-11,False,Activo
MD-00795,CL-00795,Itron,13,2015-08-19,10,2024-08-10,False,Activo
MD-00796,CL-00796,Sensus,13,2016-11-19,9,2021-03-07,False,Activo
MD-00797,CL-00797,Elster,13,2019-12-09,6,2020-08-19,True,Activo
MD-00798,CL-00798,Sensus,13,2023-01-15,2,,False,Activo
MD-00799,CL-00799,Zenner,13,2018-05-10,7,2021-06-03,False,Activo
MD-00800,CL-00800,Actaris,13,2025-10-05,0,,False,Activo
MD-00801,CL-00801,Itron,15,2015-07-01,10,2024-01-18,False,Activo
MD-00802,CL-00802,Actaris,38,2021-10-16,4,2026-03-26,False,Activo
MD-00803,CL-00803,Sensus,19,2016-01-17,9,2026-02-26,False,Activo
MD-00804,CL-00804,Sensus,15,2012-02-06,13,2024-03-03,False,Activo
MD-00805,CL-00805,Zenner,13,2015-09-08,10,2022-11-17,False,Activo
MD-00806,CL-00806,Sensus,13,2019-10-06,6,2025-03-26,False,Activo
MD-00807,CL-00807,Sensus,25,2023-06-19,2,,False,Activo
MD-00808,CL-00808,Actaris,13,2021-09-10,4,2022-07-30,False,Activo
MD-00809,CL-00809,Elster,25,2017-04-02,8,2020-12-03,True,Activo
MD-00810,CL-00810,Itron,13,2023-10-02,2,,False,Activo
MD-00811,CL-00811,Itron,15,2011-10-24,14,2023-04-02,False,Activo
MD-00812,CL-00812,Sensus,25,2025-03-03,0,,False,Activo
MD-00813,CL-00813,Itron,13,2022-12-05,3,2025-09-07,False,Activo
MD-00814,CL-00814,Elster,15,2012-04-05,13,2023-08-06,False,Activo
MD-00815,CL-00815,Actaris,13,2011-02-12,14,2025-08-04,False,Activo
MD-00816,CL-00816,Zenner,38,2021-08-03,4,2021-05-21,False,Activo
MD-00817,CL-00817,Zenner,13,2016-03-16,9,2024-03-23,False,Activo
MD-00818,CL-00818,Sensus,13,2017-11-16,8,2025-01-01,False,Activo
MD-00819,CL-00819,Sensus,15,2023-02-24,2,,False,Activo
MD-00820,CL-00820,Actaris,13,2023-08-26,2,,False,Activo
MD-00821,CL-00821,Elster,13,2012-09-16,13,2024-12-04,False,Activo
MD-00822,CL-00822,Elster,15,2020-10-18,5,2023-06-23,False,Activo
MD-00823,CL-00823,Actaris,19,2021-09-01,4,2025-06-17,False,Activo
MD-00824,CL-00824,Zenner,13,2015-06-23,10,2021-06-22,False,Activo
MD-00825,CL-00825,Sensus,25,2013-01-27,12,2021-02-15,False,Activo
MD-00826,CL-00826,Sensus,13,2014-07-12,11,2023-11-03,False,Activo
MD-00827,CL-00827,Elster,25,2020-07-05,5,2022-12-03,False,Activo
MD-00828,CL-00828,Elster,13,2021-03-27,4,2025-12-09,False,Activo
MD-00829,CL-00829,Actaris,38,2011-01-07,14,2025-04-05,False,Activo
MD-00830,CL-00830,Elster,13,2014-11-23,11,2023-03-13,False,Activo
MD-00831,CL-00831,Sensus,15,2017-11-03,8,2024-08-13,False,Activo
MD-00832,CL-00832,Zenner,13,2021-10-05,4,2023-02-24,False,Activo
MD-00833,CL-00833,Zenner,15,2013-04-06,12,2023-06-12,False,Activo
MD-00834,CL-00834,Elster,13,2024-09-26,1,,False,Activo
MD-00835,CL-00835,Actaris,19,2025-01-19,0,,False,Activo
MD-00836,CL-00836,Itron,15,2014-09-25,11,2025-03-06,False,Activo
MD-00837,CL-00837,Actaris,13,2012-05-02,13,2022-09-10,False,Activo
MD-00838,CL-00838,Zenner,13,2020-03-21,5,2023-12-06,False,Activo
MD-00839,CL-00839,Elster,13,2018-08-22,7,2024-08-19,False,Activo
MD-00840,CL-00840,Sensus,13,2024-04-16,1,,False,Activo
MD-00841,CL-00841,Elster,13,2013-10-07,12,2023-06-19,False,Activo
MD-00842,CL-00842,Zenner,13,2012-08-16,13,2023-03-12,False,Activo
MD-00843,CL-00843,Actaris,25,2024-07-18,1,,False,Activo
MD-00844,CL-00844,Actaris,13,2024-04-17,1,,False,Activo
MD-00845,CL-00845,Sensus,13,2017-10-24,8,2022-04-17,False,Activo
MD-00846,CL-00846,Actaris,13,2019-04-26,6,2025-08-23,False,Activo
MD-00847,CL-00847,Actaris,15,2023-10-18,2,,False,Activo
MD-00848,CL-00848,Elster,13,2012-01-01,13,2024-12-25,False,Activo
MD-00849,CL-00849,Elster,13,2019-09-11,6,2025-08-01,False,Activo
MD-00850,CL-00850,Actaris,13,2013-04-19,12,2021-01-09,False,Activo
MD-00851,CL-00851,Elster,19,2013-02-23,12,2025-09-20,False,Activo
MD-00852,CL-00852,Actaris,15,2024-09-01,1,,False,Activo
MD-00853,CL-00853,Itron,15,2023-11-06,2,,False,Activo
MD-00854,CL-00854,Zenner,25,2024-04-25,1,,False,Activo
MD-00855,CL-00855,Itron,15,2018-05-11,7,2020-11-16,True,Activo
MD-00856,CL-00856,Itron,13,2013-01-16,12,2022-03-08,False,Activo
MD-00857,CL-00857,Elster,15,2018-12-03,7,2020-11-05,True,Activo
MD-00858,CL-00858,Elster,13,2015-04-16,10,2025-05-24,False,Activo
MD-00859,CL-00859,Zenner,15,2020-08-27,5,2021-08-09,False,Activo
MD-00860,CL-00860,Actaris,13,2017-12-21,8,2021-04-29,False,Activo
MD-00861,CL-00861,Elster,15,2022-06-07,3,2024-06-01,False,Activo
MD-00862,CL-00862,Sensus,15,2021-06-13,4,2024-12-29,False,Activo
MD-00863,CL-00863,Sensus,19,2013-10-25,12,2023-08-31,False,Activo
MD-00864,CL-00864,Itron,19,2012-10-24,13,2023-11-26,False,Activo
MD-00865,CL-00865,Zenner,13,2016-01-14,9,2023-11-14,False,Activo
MD-00866,CL-00866,Elster,13,2018-06-27,7,2020-09-28,True,Activo
MD-00867,CL-00867,Sensus,19,2022-02-14,3,2021-10-25,False,Activo
MD-00868,CL-00868,Zenner,15,2017-12-03,8,2026-03-07,False,Activo
MD-00869,CL-00869,Zenner,13,2020-03-21,5,2024-05-14,False,Activo
MD-00870,CL-00870,Zenner,15,2011-11-17,14,2025-10-28,False,Activo
MD-00871,CL-00871,Itron,13,2023-12-15,2,,False,Activo
MD-00872,CL-00872,Sensus,13,2011-02-11,14,2021-07-23,False,Activo
MD-00873,CL-00873,Sensus,13,2022-04-04,3,2022-06-09,False,Activo
MD-00874,CL-00874,Itron,13,2015-10-19,10,2022-12-09,False,Activo
MD-00875,CL-00875,Actaris,13,2024-11-08,1,,False,Activo
MD-00876,CL-00876,Sensus,15,2024-07-18,1,,False,Activo
MD-00877,CL-00877,Zenner,13,2023-11-12,2,,False,Activo
MD-00878,CL-00878,Elster,15,2019-08-11,6,2025-02-08,False,Activo
MD-00879,CL-00879,Actaris,13,2015-03-16,10,2020-10-27,True,Activo
MD-00880,CL-00880,Actaris,19,2014-02-23,11,2024-06-06,False,Activo
MD-00881,CL-00881,Elster,38,2014-08-09,11,2020-10-28,True,Activo
MD-00882,CL-00882,Sensus,13,2021-05-26,4,2020-08-03,False,Activo
MD-00883,CL-00883,Itron,13,2023-01-17,2,,False,Activo
MD-00884,CL-00884,Itron,19,2020-06-14,5,2025-03-23,False,Activo
MD-00885,CL-00885,Actaris,13,2014-02-02,11,2025-04-09,False,Activo
MD-00886,CL-00886,Zenner,13,2019-12-14,6,2022-03-06,False,Activo
MD-00887,CL-00887,Itron,13,2012-06-19,13,2024-08-25,False,Activo
MD-00888,CL-00888,Sensus,38,2021-08-24,4,2023-04-18,False,Activo
MD-00889,CL-00889,Elster,25,2011-11-22,14,2022-08-17,False,Activo
MD-00890,CL-00890,Zenner,15,2014-09-11,11,2024-04-16,False,Activo
MD-00891,CL-00891,Sensus,13,2019-07-21,6,2023-10-04,False,Activo
MD-00892,CL-00892,Actaris,25,2016-03-20,9,2024-11-18,False,Activo
MD-00893,CL-00893,Sensus,15,2015-02-14,10,2021-12-24,False,Activo
MD-00894,CL-00894,Actaris,15,2018-10-22,7,2023-01-31,False,Activo
MD-00895,CL-00895,Actaris,13,2022-11-04,3,2023-07-27,False,Activo
MD-00896,CL-00896,Sensus,13,2024-08-07,1,,False,Activo
MD-00897,CL-00897,Zenner,19,2024-07-08,1,,False,Activo
MD-00898,CL-00898,Actaris,13,2019-12-14,6,2020-10-21,True,Activo
MD-00899,CL-00899,Zenner,13,2022-10-18,3,2025-11-14,False,Activo
MD-00900,CL-00900,Itron,13,2019-06-05,6,2025-07-09,False,Activo
MD-00901,CL-00901,Zenner,13,2011-10-26,14,2024-07-12,False,Activo
MD-00902,CL-00902,Itron,13,2014-11-08,11,2023-03-21,False,Activo
MD-00903,CL-00903,Sensus,13,2019-07-14,6,2020-12-20,True,Activo
MD-00904,CL-00904,Itron,15,2016-09-16,9,2025-10-07,False,Activo
MD-00905,CL-00905,Zenner,13,2013-10-25,12,2022-06-03,False,Activo
MD-00906,CL-00906,Itron,13,2017-03-07,8,2022-01-01,False,Activo
MD-00907,CL-00907,Itron,15,2011-04-19,14,2022-03-23,False,Activo
MD-00908,CL-00908,Elster,19,2021-11-15,4,2020-11-24,False,Activo
MD-00909,CL-00909,Actaris,25,2023-06-03,2,,False,Activo
MD-00910,CL-00910,Itron,13,2015-02-12,10,2023-10-24,False,Activo
MD-00911,CL-00911,Elster,15,2014-11-02,11,2021-07-01,False,Activo
MD-00912,CL-00912,Sensus,25,2013-01-10,12,2020-07-22,True,Activo
MD-00913,CL-00913,Zenner,15,2018-05-22,7,2021-12-13,False,Activo
MD-00914,CL-00914,Actaris,15,2020-12-08,5,2024-06-26,False,Activo
MD-00915,CL-00915,Zenner,13,2015-01-11,10,2021-07-21,False,Activo
MD-00916,CL-00916,Elster,13,2018-05-17,7,2025-04-26,False,Activo
MD-00917,CL-00917,Itron,25,2017-08-23,8,2021-07-31,False,Activo
MD-00918,CL-00918,Zenner,15,2011-05-22,14,2025-03-01,False,Activo
MD-00919,CL-00919,Sensus,13,2023-12-23,2,,False,Activo
MD-00920,CL-00920,Itron,15,2015-08-07,10,2024-12-24,False,Activo
MD-00921,CL-00921,Actaris,13,2012-06-08,13,2024-08-25,False,Activo
MD-00922,CL-00922,Zenner,19,2018-02-15,7,2020-12-31,False,Activo
MD-00923,CL-00923,Actaris,13,2025-04-22,0,,False,Activo
MD-00924,CL-00924,Actaris,13,2014-01-13,11,2025-01-19,False,Activo
MD-00925,CL-00925,Itron,13,2021-10-06,4,2022-11-10,False,Activo
MD-00926,CL-00926,Sensus,15,2025-04-25,0,,False,Activo
MD-00927,CL-00927,Zenner,19,2017-03-11,8,2021-04-08,False,Activo
MD-00928,CL-00928,Itron,13,2025-01-25,0,,False,Activo
MD-00929,CL-00929,Sensus,13,2022-07-21,3,2025-03-21,False,Activo
MD-00930,CL-00930,Zenner,19,2018-08-01,7,2023-01-03,False,Activo
MD-00931,CL-00931,Actaris,15,2014-08-03,11,2023-01-12,False,Activo
MD-00932,CL-00932,Zenner,19,2020-11-23,5,2020-08-04,True,Activo
MD-00933,CL-00933,Elster,13,2019-06-11,6,2023-10-07,False,Activo
MD-00934,CL-00934,Itron,15,2015-07-12,10,2024-08-07,False,Activo
MD-00935,CL-00935,Elster,13,2016-10-08,9,2024-08-15,False,Activo
MD-00936,CL-00936,Zenner,19,2013-07-23,12,2024-06-06,False,Activo
MD-00937,CL-00937,Actaris,15,2014-01-02,11,2024-09-30,False,Activo
MD-00938,CL-00938,Elster,19,2024-12-27,1,,False,Activo
MD-00939,CL-00939,Itron,13,2014-05-09,11,2026-06-25,False,Activo
MD-00940,CL-00940,Actaris,25,2019-05-13,6,2024-12-20,False,Activo
MD-00941,CL-00941,Actaris,13,2015-06-05,10,2024-02-21,False,Activo
MD-00942,CL-00942,Itron,38,2017-03-03,8,2023-05-03,False,Activo
MD-00943,CL-00943,Sensus,13,2019-05-23,6,2023-08-08,False,Activo
MD-00944,CL-00944,Itron,15,2018-01-20,7,2024-10-11,False,Activo
MD-00945,CL-00945,Itron,13,2025-10-12,0,,False,Activo
MD-00946,CL-00946,Actaris,15,2019-12-10,6,2024-06-05,False,Activo
MD-00947,CL-00947,Elster,15,2015-02-20,10,2023-02-10,False,Activo
MD-00948,CL-00948,Actaris,13,2018-08-08,7,2021-08-23,False,Activo
MD-00949,CL-00949,Zenner,19,2022-10-12,3,2020-10-17,False,Activo
MD-00950,CL-00950,Sensus,19,2025-09-07,0,,False,Activo
MD-00951,CL-00951,Sensus,19,2017-07-18,8,2022-08-30,False,Activo
MD-00952,CL-00952,Elster,13,2022-03-02,3,2021-01-09,False,Activo
MD-00953,CL-00953,Sensus,13,2024-08-25,1,,False,Activo
MD-00954,CL-00954,Elster,13,2011-11-10,14,2024-09-24,False,Activo
MD-00955,CL-00955,Zenner,15,2014-06-27,11,2021-02-19,False,Activo
MD-00956,CL-00956,Actaris,13,2017-10-27,8,2020-11-03,True,Activo
MD-00957,CL-00957,Itron,15,2012-06-08,13,2023-05-20,False,Activo
MD-00958,CL-00958,Sensus,38,2012-07-05,13,2020-08-04,True,Activo
MD-00959,CL-00959,Itron,15,2020-08-01,5,2021-03-23,False,Activo
MD-00960,CL-00960,Sensus,13,2024-02-07,1,,False,Activo
MD-00961,CL-00961,Elster,15,2012-07-14,13,2021-12-27,False,Activo
MD-00962,CL-00962,Sensus,38,2015-06-20,10,2023-11-26,False,Activo
MD-00963,CL-00963,Sensus,13,2014-01-27,11,2025-10-08,False,Activo
MD-00964,CL-00964,Itron,13,2024-12-27,1,,False,Activo
MD-00965,CL-00965,Sensus,13,2025-04-23,0,,False,Activo
MD-00966,CL-00966,Sensus,15,2020-11-09,5,2020-09-14,True,Activo
MD-00967,CL-00967,Zenner,13,2025-08-08,0,,False,Activo
MD-00968,CL-00968,Actaris,15,2023-03-18,2,,False,Activo
MD-00969,CL-00969,Sensus,13,2023-06-16,2,,False,Activo
MD-00970,CL-00970,Elster,15,2015-07-17,10,2024-06-19,False,Activo
MD-00971,CL-00971,Elster,13,2016-07-14,9,2023-09-27,False,Activo
MD-00972,CL-00972,Elster,13,2021-05-20,4,2024-03-06,False,Activo
MD-00973,CL-00973,Elster,38,2016-01-07,9,2021-03-01,False,Activo
MD-00974,CL-00974,Zenner,15,2018-11-09,7,2021-11-02,False,Activo
MD-00975,CL-00975,Actaris,19,2022-04-25,3,2020-07-30,False,Activo
MD-00976,CL-00976,Elster,19,2016-05-07,9,2022-10-07,False,Activo
MD-00977,CL-00977,Sensus,13,2019-11-13,6,2025-02-16,False,Activo
MD-00978,CL-00978,Zenner,13,2017-11-02,8,2025-10-31,False,Activo
MD-00979,CL-00979,Actaris,38,2024-07-13,1,,False,Activo
MD-00980,CL-00980,Actaris,19,2014-12-19,11,2024-01-17,False,Activo
MD-00981,CL-00981,Actaris,13,2017-11-24,8,2021-01-08,False,Activo
MD-00982,CL-00982,Itron,19,2017-07-19,8,2022-02-16,False,Activo
MD-00983,CL-00983,Zenner,13,2019-02-19,6,2024-05-24,False,Activo
MD-00984,CL-00984,Actaris,13,2025-09-05,0,,False,Activo
MD-00985,CL-00985,Elster,15,2019-09-25,6,2022-09-17,False,Activo
MD-00986,CL-00986,Sensus,13,2023-06-18,2,,False,Activo
MD-00987,CL-00987,Actaris,15,2025-01-13,0,,False,Activo
MD-00988,CL-00988,Elster,15,2022-03-18,3,2026-02-23,False,Activo
MD-00989,CL-00989,Actaris,13,2015-01-23,10,2023-01-23,False,Activo
MD-00990,CL-00990,Actaris,13,2016-05-17,9,2023-05-17,False,Activo
MD-00991,CL-00991,Zenner,13,2019-06-05,6,2024-03-29,False,Activo
MD-00992,CL-00992,Actaris,13,2022-05-13,3,2022-08-09,False,Activo
MD-00993,CL-00993,Zenner,13,2016-07-07,9,2022-11-16,False,Activo
MD-00994,CL-00994,Actaris,25,2018-04-17,7,2021-03-24,False,Activo
MD-00995,CL-00995,Actaris,13,2012-08-20,13,2021-08-27,False,Activo
MD-00996,CL-00996,Itron,25,2018-03-25,7,2023-02-08,False,Activo
MD-00997,CL-00997,Sensus,13,2011-06-10,14,2021-01-03,False,Activo
MD-00998,CL-00998,Elster,13,2025-11-13,0,,False,Activo
MD-00999,CL-00999,Itron,13,2013-11-25,12,2023-03-05,False,Activo
MD-01000,CL-01000,Zenner,13,2011-01-03,14,2024-12-11,False,Activo
MD-01001,CL-01001,Elster,15,2013-11-17,12,2025-05-28,False,Activo
MD-01002,CL-01002,Elster,13,2019-04-11,6,2024-09-01,False,Activo
MD-01003,CL-01003,Zenner,13,2016-10-11,9,2024-08-05,False,Activo
MD-01004,CL-01004,Itron,15,2018-12-11,7,2023-07-18,False,Activo
MD-01005,CL-01005,Elster,13,2013-05-06,12,2025-01-15,False,Activo
MD-01006,CL-01006,Elster,13,2020-09-24,5,2025-08-14,False,Activo
MD-01007,CL-01007,Actaris,15,2016-08-19,9,2021-12-25,False,Activo
MD-01008,CL-01008,Zenner,25,2023-10-01,2,,False,Activo
MD-01009,CL-01009,Itron,13,2016-12-06,9,2022-08-31,False,Activo
MD-01010,CL-01010,Itron,19,2024-07-07,1,,False,Activo
MD-01011,CL-01011,Sensus,25,2011-01-13,14,2021-03-06,False,Activo
MD-01012,CL-01012,Actaris,13,2018-08-09,7,2024-12-28,False,Activo
MD-01013,CL-01013,Itron,15,2014-02-06,11,2025-02-16,False,Activo
MD-01014,CL-01014,Itron,13,2020-03-24,5,2022-10-30,False,Activo
MD-01015,CL-01015,Elster,19,2022-12-10,3,2025-03-13,False,Activo
MD-01016,CL-01016,Zenner,13,2019-02-18,6,2023-10-21,False,Activo
MD-01017,CL-01017,Sensus,13,2024-08-20,1,,False,Activo
MD-01018,CL-01018,Actaris,13,2019-06-10,6,2026-03-07,False,Activo
MD-01019,CL-01019,Itron,13,2024-08-01,1,,False,Activo
MD-01020,CL-01020,Zenner,13,2022-07-21,3,2022-10-09,False,Activo
MD-01021,CL-01021,Elster,13,2020-04-18,5,2023-07-04,False,Activo
MD-01022,CL-01022,Zenner,13,2025-08-14,0,,False,Activo
MD-01023,CL-01023,Actaris,15,2018-12-23,7,2023-04-17,False,Activo
MD-01024,CL-01024,Sensus,13,2013-08-22,12,2021-09-17,False,Activo
MD-01025,CL-01025,Itron,19,2020-01-17,5,2025-08-13,False,Activo
MD-01026,CL-01026,Sensus,13,2015-05-17,10,2023-09-09,False,Activo
MD-01027,CL-01027,Itron,13,2016-12-11,9,2025-01-09,False,Activo
MD-01028,CL-01028,Zenner,15,2015-10-14,10,2025-06-24,False,Activo
MD-01029,CL-01029,Itron,13,2012-10-26,13,2020-10-26,True,Activo
MD-01030,CL-01030,Sensus,13,2013-10-10,12,2024-11-30,False,Activo
MD-01031,CL-01031,Zenner,13,2018-07-07,7,2021-11-04,False,Activo
MD-01032,CL-01032,Elster,15,2020-02-14,5,2024-06-21,False,Activo
MD-01033,CL-01033,Zenner,13,2022-05-19,3,2024-11-04,False,Activo
MD-01034,CL-01034,Elster,13,2013-04-09,12,2026-04-10,False,Activo
MD-01035,CL-01035,Itron,13,2024-12-10,1,,False,Activo
MD-01036,CL-01036,Actaris,15,2020-03-16,5,2024-07-17,False,Activo
MD-01037,CL-01037,Itron,15,2023-05-07,2,,False,Activo
MD-01038,CL-01038,Actaris,13,2013-01-26,12,2026-04-23,False,Activo
MD-01039,CL-01039,Itron,25,2024-04-18,1,,False,Activo
MD-01040,CL-01040,Actaris,15,2018-08-04,7,2022-05-08,False,Activo
MD-01041,CL-01041,Sensus,13,2017-02-27,8,2025-04-07,False,Activo
MD-01042,CL-01042,Zenner,15,2016-03-09,9,2025-11-08,False,Activo
MD-01043,CL-01043,Sensus,15,2019-10-01,6,2021-08-05,False,Activo
MD-01044,CL-01044,Actaris,13,2014-03-25,11,2023-01-31,False,Activo
MD-01045,CL-01045,Zenner,13,2020-09-23,5,2024-11-26,False,Activo
MD-01046,CL-01046,Sensus,38,2017-06-23,8,2020-07-17,True,Activo
MD-01047,CL-01047,Itron,15,2014-01-01,11,2026-04-01,False,Activo
MD-01048,CL-01048,Actaris,15,2021-02-09,4,2021-03-15,False,Activo
MD-01049,CL-01049,Sensus,13,2022-04-21,3,2025-05-16,False,Activo
MD-01050,CL-01050,Zenner,13,2021-12-04,4,2023-01-14,False,Activo
MD-01051,CL-01051,Actaris,13,2018-06-10,7,2021-02-13,False,Activo
MD-01052,CL-01052,Sensus,13,2024-10-10,1,,False,Activo
MD-01053,CL-01053,Zenner,13,2021-01-15,4,2022-04-30,False,Activo
MD-01054,CL-01054,Elster,25,2022-10-23,3,2024-04-18,False,Activo
MD-01055,CL-01055,Actaris,13,2012-01-02,13,2021-02-25,False,Activo
MD-01056,CL-01056,Elster,15,2022-01-13,3,2021-08-26,False,Activo
MD-01057,CL-01057,Actaris,13,2011-01-23,14,2023-08-10,False,Activo
MD-01058,CL-01058,Itron,15,2025-02-13,0,,False,Activo
MD-01059,CL-01059,Elster,13,2023-11-17,2,,False,Activo
MD-01060,CL-01060,Actaris,13,2021-11-18,4,2021-03-20,False,Activo
MD-01061,CL-01061,Zenner,19,2011-01-11,14,2022-12-02,False,Activo
MD-01062,CL-01062,Zenner,13,2024-05-01,1,,False,Activo
MD-01063,CL-01063,Elster,19,2016-09-03,9,2023-09-24,False,Activo
MD-01064,CL-01064,Itron,15,2014-10-02,11,2023-01-25,False,Activo
MD-01065,CL-01065,Sensus,13,2020-06-18,5,2025-11-11,False,Activo
MD-01066,CL-01066,Actaris,13,2016-12-01,9,2023-01-13,False,Activo
MD-01067,CL-01067,Sensus,19,2024-05-12,1,,False,Activo
MD-01068,CL-01068,Itron,15,2024-03-15,1,,False,Activo
MD-01069,CL-01069,Actaris,15,2015-04-20,10,2023-06-01,False,Activo
MD-01070,CL-01070,Sensus,13,2024-10-02,1,,False,Activo
MD-01071,CL-01071,Zenner,13,2012-03-10,13,2025-08-04,False,Activo
MD-01072,CL-01072,Elster,15,2020-04-26,5,2022-11-14,False,Activo
MD-01073,CL-01073,Actaris,15,2023-01-06,2,,False,Activo
MD-01074,CL-01074,Itron,15,2012-09-08,13,2022-10-20,False,Activo
MD-01075,CL-01075,Elster,25,2016-08-22,9,2026-05-27,False,Activo
MD-01076,CL-01076,Zenner,13,2016-10-09,9,2022-11-12,False,Activo
MD-01077,CL-01077,Sensus,15,2013-09-02,12,2023-08-09,False,Activo
MD-01078,CL-01078,Actaris,15,2014-03-09,11,2023-06-09,False,Activo
MD-01079,CL-01079,Itron,13,2020-02-08,5,2020-09-01,True,Activo
MD-01080,CL-01080,Sensus,13,2024-06-22,1,,False,Activo
MD-01081,CL-01081,Sensus,13,2017-01-09,8,2022-10-21,False,Activo
MD-01082,CL-01082,Itron,25,2023-10-15,2,,False,Activo
MD-01083,CL-01083,Itron,13,2014-01-16,11,2023-11-22,False,Activo
MD-01084,CL-01084,Actaris,25,2013-09-03,12,2026-04-23,False,Activo
MD-01085,CL-01085,Sensus,13,2011-02-17,14,2020-07-22,True,Activo
MD-01086,CL-01086,Actaris,13,2016-02-25,9,2022-03-18,False,Activo
MD-01087,CL-01087,Itron,15,2014-08-03,11,2021-11-09,False,Activo
MD-01088,CL-01088,Elster,19,2020-01-04,5,2024-08-20,False,Activo
MD-01089,CL-01089,Actaris,13,2017-05-12,8,2026-01-23,False,Activo
MD-01090,CL-01090,Itron,15,2022-03-21,3,2021-11-27,False,Activo
MD-01091,CL-01091,Zenner,19,2022-11-12,3,2024-11-29,False,Activo
MD-01092,CL-01092,Zenner,19,2015-05-20,10,2024-09-05,False,Activo
MD-01093,CL-01093,Zenner,13,2015-09-04,10,2021-01-04,False,Activo
MD-01094,CL-01094,Actaris,13,2016-06-10,9,2022-08-10,False,Activo
MD-01095,CL-01095,Itron,13,2016-03-24,9,2026-05-24,False,Activo
MD-01096,CL-01096,Sensus,13,2013-10-21,12,2025-01-08,False,Activo
MD-01097,CL-01097,Elster,13,2020-10-09,5,2021-05-29,False,Activo
MD-01098,CL-01098,Actaris,15,2022-01-17,3,2026-04-09,False,Activo
MD-01099,CL-01099,Itron,13,2011-02-17,14,2026-06-20,False,Activo
MD-01100,CL-01100,Itron,15,2023-12-20,2,,False,Activo
MD-01101,CL-01101,Itron,13,2011-11-17,14,2024-02-07,False,Activo
MD-01102,CL-01102,Sensus,13,2012-11-12,13,2024-07-04,False,Activo
MD-01103,CL-01103,Elster,19,2012-07-14,13,2021-07-18,False,Activo
MD-01104,CL-01104,Zenner,13,2011-07-15,14,2026-02-24,False,Activo
MD-01105,CL-01105,Zenner,13,2020-08-25,5,2022-11-03,False,Activo
MD-01106,CL-01106,Elster,15,2011-09-20,14,2024-02-17,False,Activo
MD-01107,CL-01107,Elster,19,2020-04-01,5,2022-03-22,False,Activo
MD-01108,CL-01108,Actaris,13,2024-09-23,1,,False,Activo
MD-01109,CL-01109,Actaris,25,2017-08-16,8,2020-10-19,True,Activo
MD-01110,CL-01110,Itron,13,2011-01-22,14,2022-02-15,False,Activo
MD-01111,CL-01111,Elster,13,2012-04-18,13,2022-10-20,False,Activo
MD-01112,CL-01112,Elster,13,2016-01-07,9,2026-02-28,False,Activo
MD-01113,CL-01113,Actaris,15,2015-11-17,10,2021-05-30,False,Activo
MD-01114,CL-01114,Itron,19,2017-08-15,8,2021-02-07,False,Activo
MD-01115,CL-01115,Actaris,13,2019-12-20,6,2023-10-19,False,Activo
MD-01116,CL-01116,Sensus,13,2016-09-07,9,2021-07-24,False,Activo
MD-01117,CL-01117,Elster,19,2019-11-21,6,2023-08-15,False,Activo
MD-01118,CL-01118,Elster,15,2015-03-20,10,2022-03-23,False,Activo
MD-01119,CL-01119,Elster,15,2025-02-19,0,,False,Activo
MD-01120,CL-01120,Zenner,13,2019-11-12,6,2021-04-13,False,Activo
MD-01121,CL-01121,Sensus,13,2022-03-09,3,2021-09-11,False,Activo
MD-01122,CL-01122,Zenner,19,2012-09-13,13,2021-01-23,False,Activo
MD-01123,CL-01123,Actaris,19,2012-02-12,13,2021-03-23,False,Activo
MD-01124,CL-01124,Elster,13,2017-12-21,8,2024-09-19,False,Activo
MD-01125,CL-01125,Itron,15,2017-02-25,8,2025-03-05,False,Activo
MD-01126,CL-01126,Elster,13,2025-01-17,0,,False,Activo
MD-01127,CL-01127,Itron,13,2021-05-09,4,2026-03-20,False,Activo
MD-01128,CL-01128,Elster,13,2017-06-18,8,2024-06-14,False,Activo
MD-01129,CL-01129,Sensus,13,2012-01-26,13,2025-08-17,False,Activo
MD-01130,CL-01130,Zenner,13,2011-10-15,14,2023-06-04,False,Activo
MD-01131,CL-01131,Itron,13,2013-08-15,12,2024-08-08,False,Activo
MD-01132,CL-01132,Itron,13,2024-11-10,1,,False,Activo
MD-01133,CL-01133,Zenner,25,2018-12-23,7,2023-09-11,False,Activo
MD-01134,CL-01134,Zenner,15,2021-10-01,4,2024-11-30,False,Activo
MD-01135,CL-01135,Elster,13,2025-01-26,0,,False,Activo
MD-01136,CL-01136,Zenner,13,2022-12-02,3,2025-07-23,False,Activo
MD-01137,CL-01137,Itron,13,2013-08-11,12,2023-08-31,False,Activo
MD-01138,CL-01138,Zenner,13,2016-09-27,9,2022-01-19,False,Activo
MD-01139,CL-01139,Zenner,13,2014-01-17,11,2023-12-31,False,Activo
MD-01140,CL-01140,Elster,25,2021-02-15,4,2025-11-27,False,Activo
MD-01141,CL-01141,Zenner,38,2014-05-14,11,2024-01-11,False,Activo
MD-01142,CL-01142,Sensus,15,2020-04-15,5,2023-03-26,False,Activo
MD-01143,CL-01143,Itron,13,2016-07-05,9,2024-02-21,False,Activo
MD-01144,CL-01144,Actaris,19,2011-05-20,14,2022-06-08,False,Activo
MD-01145,CL-01145,Sensus,15,2022-09-07,3,2026-02-13,False,Activo
MD-01146,CL-01146,Itron,13,2019-08-12,6,2021-05-07,False,Activo
MD-01147,CL-01147,Elster,13,2012-01-16,13,2023-06-25,False,Activo
MD-01148,CL-01148,Sensus,13,2024-11-18,1,,False,Activo
MD-01149,CL-01149,Sensus,19,2020-07-23,5,2021-03-14,False,Activo
MD-01150,CL-01150,Elster,13,2013-09-07,12,2023-10-26,False,Activo
MD-01151,CL-01151,Actaris,15,2023-03-01,2,,False,Activo
MD-01152,CL-01152,Itron,15,2022-02-25,3,2022-12-30,False,Activo
MD-01153,CL-01153,Zenner,15,2020-05-01,5,2022-07-21,False,Activo
MD-01154,CL-01154,Sensus,13,2014-05-22,11,2023-01-17,False,Activo
MD-01155,CL-01155,Zenner,13,2012-03-11,13,2023-08-22,False,Activo
MD-01156,CL-01156,Sensus,19,2022-02-06,3,2021-02-09,False,Activo
MD-01157,CL-01157,Elster,15,2013-07-19,12,2024-04-04,False,Activo
MD-01158,CL-01158,Zenner,13,2021-08-27,4,2024-07-08,False,Activo
MD-01159,CL-01159,Itron,13,2013-11-12,12,2026-07-05,False,Activo
MD-01160,CL-01160,Sensus,25,2015-10-19,10,2025-11-20,False,Activo
MD-01161,CL-01161,Zenner,13,2012-08-18,13,2020-08-05,True,Activo
MD-01162,CL-01162,Zenner,13,2013-01-04,12,2020-12-31,False,Activo
MD-01163,CL-01163,Elster,25,2015-04-10,10,2021-10-22,False,Activo
MD-01164,CL-01164,Elster,13,2011-02-25,14,2025-05-06,False,Activo
MD-01165,CL-01165,Itron,13,2016-08-03,9,2025-08-31,False,Activo
MD-01166,CL-01166,Itron,13,2020-01-16,5,2025-09-24,False,Activo
MD-01167,CL-01167,Sensus,15,2017-05-19,8,2022-06-02,False,Activo
MD-01168,CL-01168,Sensus,13,2011-10-07,14,2025-09-16,False,Activo
MD-01169,CL-01169,Actaris,13,2025-09-19,0,,False,Activo
MD-01170,CL-01170,Sensus,25,2019-03-20,6,2021-02-08,False,Activo
MD-01171,CL-01171,Actaris,13,2024-09-23,1,,False,Activo
MD-01172,CL-01172,Itron,15,2020-09-04,5,2022-12-27,False,Activo
MD-01173,CL-01173,Itron,13,2017-01-20,8,2025-07-07,False,Activo
MD-01174,CL-01174,Sensus,19,2011-11-13,14,2021-07-19,False,Activo
MD-01175,CL-01175,Zenner,15,2018-09-10,7,2023-04-22,False,Activo
MD-01176,CL-01176,Elster,13,2018-02-11,7,2026-04-09,False,Activo
MD-01177,CL-01177,Itron,13,2014-10-09,11,2025-07-15,False,Activo
MD-01178,CL-01178,Sensus,15,2014-09-03,11,2023-03-26,False,Activo
MD-01179,CL-01179,Zenner,13,2024-08-14,1,,False,Activo
MD-01180,CL-01180,Itron,13,2015-05-06,10,2021-08-10,False,Activo
MD-01181,CL-01181,Zenner,19,2011-10-01,14,2025-09-27,False,Activo
MD-01182,CL-01182,Itron,13,2025-11-18,0,,False,Activo
MD-01183,CL-01183,Sensus,15,2012-01-04,13,2023-01-10,False,Activo
MD-01184,CL-01184,Itron,13,2013-09-11,12,2023-01-19,False,Activo
MD-01185,CL-01185,Actaris,13,2020-06-13,5,2022-05-15,False,Activo
MD-01186,CL-01186,Sensus,13,2024-04-14,1,,False,Activo
MD-01187,CL-01187,Sensus,13,2022-02-07,3,2023-01-01,False,Activo
MD-01188,CL-01188,Zenner,15,2024-01-21,1,,False,Activo
MD-01189,CL-01189,Elster,13,2025-01-06,0,,False,Activo
MD-01190,CL-01190,Actaris,13,2015-12-01,10,2023-06-20,False,Activo
MD-01191,CL-01191,Elster,25,2012-09-17,13,2023-11-26,False,Activo
MD-01192,CL-01192,Elster,13,2025-12-05,0,,False,Activo
MD-01193,CL-01193,Itron,13,2025-10-10,0,,False,Activo
MD-01194,CL-01194,Sensus,19,2014-11-18,11,2020-12-18,True,Activo
MD-01195,CL-01195,Zenner,13,2025-12-14,0,,False,Activo
MD-01196,CL-01196,Sensus,19,2025-12-20,0,,False,Activo
MD-01197,CL-01197,Elster,13,2017-02-04,8,2023-12-26,False,Activo
MD-01198,CL-01198,Elster,13,2012-10-15,13,2025-11-21,False,Activo
MD-01199,CL-01199,Actaris,25,2019-04-06,6,2023-09-11,False,Activo
MD-01200,CL-01200,Elster,13,2012-02-01,13,2024-09-04,False,Activo
MD-01201,CL-01201,Itron,13,2025-09-15,0,,False,Activo
MD-01202,CL-01202,Zenner,15,2016-10-27,9,2024-01-30,False,Activo
MD-01203,CL-01203,Itron,13,2017-11-13,8,2024-01-10,False,Activo
MD-01204,CL-01204,Zenner,13,2012-05-10,13,2024-01-19,False,Activo
MD-01205,CL-01205,Zenner,13,2019-09-11,6,2022-11-22,False,Activo
MD-01206,CL-01206,Actaris,13,2020-07-17,5,2026-05-29,False,Activo
MD-01207,CL-01207,Actaris,15,2023-09-06,2,,False,Activo
MD-01208,CL-01208,Elster,13,2023-11-05,2,,False,Activo
MD-01209,CL-01209,Zenner,15,2021-10-25,4,2021-07-16,False,Activo
MD-01210,CL-01210,Sensus,13,2025-10-22,0,,False,Activo
MD-01211,CL-01211,Zenner,13,2014-01-12,11,2020-10-27,True,Activo
MD-01212,CL-01212,Actaris,13,2024-01-08,1,,False,Activo
MD-01213,CL-01213,Itron,15,2013-11-16,12,2025-02-13,False,Activo
MD-01214,CL-01214,Sensus,13,2014-08-11,11,2024-05-25,False,Activo
MD-01215,CL-01215,Itron,13,2025-07-24,0,,False,Activo
MD-01216,CL-01216,Elster,15,2013-03-07,12,2020-08-13,True,Activo
MD-01217,CL-01217,Sensus,19,2020-08-22,5,2020-12-31,False,Activo
MD-01218,CL-01218,Itron,13,2024-02-18,1,,False,Activo
MD-01219,CL-01219,Actaris,13,2012-11-01,13,2026-06-27,False,Activo
MD-01220,CL-01220,Itron,19,2012-12-21,13,2022-08-17,False,Activo
MD-01221,CL-01221,Itron,13,2025-11-26,0,,False,Activo
MD-01222,CL-01222,Actaris,15,2024-01-12,1,,False,Activo
MD-01223,CL-01223,Sensus,13,2015-04-03,10,2025-04-24,False,Activo
MD-01224,CL-01224,Sensus,13,2017-01-07,8,2024-09-17,False,Activo
MD-01225,CL-01225,Actaris,13,2013-12-01,12,2021-03-24,False,Activo
MD-01226,CL-01226,Zenner,13,2022-02-11,3,2021-11-14,False,Activo
MD-01227,CL-01227,Actaris,13,2025-12-10,0,,False,Activo
MD-01228,CL-01228,Itron,15,2014-05-20,11,2026-06-11,False,Activo
MD-01229,CL-01229,Itron,13,2011-01-12,14,2021-09-15,False,Activo
MD-01230,CL-01230,Sensus,13,2016-08-23,9,2026-01-24,False,Activo
MD-01231,CL-01231,Zenner,19,2021-10-27,4,2025-05-09,False,Activo
MD-01232,CL-01232,Actaris,13,2023-05-19,2,,False,Activo
MD-01233,CL-01233,Zenner,13,2022-10-26,3,2021-12-28,False,Activo
MD-01234,CL-01234,Itron,19,2024-11-01,1,,False,Activo
MD-01235,CL-01235,Actaris,19,2017-07-04,8,2023-05-12,False,Activo
MD-01236,CL-01236,Elster,13,2011-05-26,14,2025-09-15,False,Activo
MD-01237,CL-01237,Elster,13,2020-08-11,5,2022-07-08,False,Activo
MD-01238,CL-01238,Elster,25,2019-12-03,6,2024-01-04,False,Activo
MD-01239,CL-01239,Elster,19,2020-03-14,5,2025-01-24,False,Activo
MD-01240,CL-01240,Zenner,13,2025-09-27,0,,False,Activo
MD-01241,CL-01241,Zenner,15,2013-06-17,12,2020-10-23,True,Activo
MD-01242,CL-01242,Elster,19,2020-07-01,5,2024-09-03,False,Activo
MD-01243,CL-01243,Elster,13,2020-09-16,5,2025-07-19,False,Activo
MD-01244,CL-01244,Elster,19,2016-08-10,9,2021-12-29,False,Activo
MD-01245,CL-01245,Zenner,13,2023-11-18,2,,False,Activo
MD-01246,CL-01246,Actaris,13,2014-03-23,11,2024-07-29,False,Activo
MD-01247,CL-01247,Actaris,25,2025-02-01,0,,False,Activo
MD-01248,CL-01248,Actaris,13,2013-12-07,12,2024-02-24,False,Activo
MD-01249,CL-01249,Actaris,13,2012-12-18,13,2025-01-14,False,Activo
MD-01250,CL-01250,Zenner,13,2021-01-08,4,2022-10-08,False,Activo
MD-01251,CL-01251,Actaris,15,2021-01-25,4,2025-03-14,False,Activo
MD-01252,CL-01252,Zenner,13,2016-10-01,9,2023-07-24,False,Activo
MD-01253,CL-01253,Zenner,13,2016-01-01,9,2022-08-04,False,Activo
MD-01254,CL-01254,Sensus,15,2013-07-24,12,2023-01-25,False,Activo
MD-01255,CL-01255,Zenner,15,2012-04-10,13,2026-05-07,False,Activo
MD-01256,CL-01256,Sensus,13,2017-03-19,8,2025-09-29,False,Activo
MD-01257,CL-01257,Actaris,15,2023-08-18,2,,False,Activo
MD-01258,CL-01258,Elster,15,2025-02-24,0,,False,Activo
MD-01259,CL-01259,Elster,13,2019-05-19,6,2024-08-14,False,Activo
MD-01260,CL-01260,Zenner,19,2015-01-21,10,2026-01-16,False,Activo
MD-01261,CL-01261,Elster,19,2021-09-25,4,2023-10-30,False,Activo
MD-01262,CL-01262,Elster,13,2023-04-10,2,,False,Activo
MD-01263,CL-01263,Zenner,19,2020-01-25,5,2025-07-11,False,Activo
MD-01264,CL-01264,Sensus,13,2023-07-19,2,,False,Activo
MD-01265,CL-01265,Actaris,13,2022-08-17,3,2021-06-16,False,Activo
MD-01266,CL-01266,Zenner,13,2025-11-13,0,,False,Activo
MD-01267,CL-01267,Itron,15,2016-08-14,9,2025-08-23,False,Activo
MD-01268,CL-01268,Actaris,19,2019-01-23,6,2026-07-15,False,Activo
MD-01269,CL-01269,Zenner,13,2018-08-25,7,2021-11-05,False,Activo
MD-01270,CL-01270,Elster,15,2023-04-20,2,,False,Activo
MD-01271,CL-01271,Zenner,15,2012-04-27,13,2024-05-01,False,Activo
MD-01272,CL-01272,Itron,13,2015-04-01,10,2021-05-30,False,Activo
MD-01273,CL-01273,Itron,13,2017-09-09,8,2022-06-22,False,Activo
MD-01274,CL-01274,Sensus,19,2017-08-16,8,2026-04-22,False,Activo
MD-01275,CL-01275,Elster,19,2025-01-12,0,,False,Activo
MD-01276,CL-01276,Sensus,19,2015-02-17,10,2022-08-04,False,Activo
MD-01277,CL-01277,Sensus,38,2020-08-03,5,2023-03-02,False,Activo
MD-01278,CL-01278,Itron,13,2021-07-08,4,2022-03-04,False,Activo
MD-01279,CL-01279,Sensus,19,2021-01-15,4,2025-07-17,False,Activo
MD-01280,CL-01280,Itron,13,2019-06-09,6,2024-09-28,False,Activo
MD-01281,CL-01281,Itron,13,2017-06-22,8,2021-08-23,False,Activo
MD-01282,CL-01282,Actaris,25,2013-12-17,12,2023-11-20,False,Activo
MD-01283,CL-01283,Actaris,13,2017-08-24,8,2025-10-22,False,Activo
MD-01284,CL-01284,Elster,15,2023-03-01,2,,False,Activo
MD-01285,CL-01285,Elster,13,2018-12-09,7,2024-04-25,False,Activo
MD-01286,CL-01286,Zenner,13,2013-07-27,12,2025-08-06,False,Activo
MD-01287,CL-01287,Itron,19,2018-02-14,7,2025-12-16,False,Activo
MD-01288,CL-01288,Sensus,15,2023-07-07,2,,False,Activo
MD-01289,CL-01289,Sensus,13,2019-11-22,6,2025-07-12,False,Activo
MD-01290,CL-01290,Actaris,13,2017-02-23,8,2025-07-13,False,Activo
MD-01291,CL-01291,Zenner,13,2025-07-22,0,,False,Activo
MD-01292,CL-01292,Sensus,13,2022-02-24,3,2025-09-29,False,Activo
MD-01293,CL-01293,Itron,19,2020-11-13,5,2025-12-05,False,Activo
MD-01294,CL-01294,Actaris,15,2014-04-21,11,2025-12-19,False,Activo
MD-01295,CL-01295,Actaris,13,2017-11-07,8,2021-03-05,False,Activo
MD-01296,CL-01296,Elster,13,2012-09-06,13,2024-10-04,False,Activo
MD-01297,CL-01297,Actaris,13,2021-02-10,4,2021-08-19,False,Activo
MD-01298,CL-01298,Sensus,13,2013-08-11,12,2021-08-31,False,Activo
MD-01299,CL-01299,Actaris,13,2016-10-01,9,2025-05-28,False,Activo
MD-01300,CL-01300,Itron,13,2025-07-08,0,,False,Activo
MD-01301,CL-01301,Itron,13,2022-03-15,3,2021-04-08,False,Activo
MD-01302,CL-01302,Itron,13,2019-02-11,6,2023-10-17,False,Activo
MD-01303,CL-01303,Actaris,13,2020-08-01,5,2021-12-09,False,Activo
MD-01304,CL-01304,Zenner,15,2017-03-03,8,2024-02-17,False,Activo
MD-01305,CL-01305,Itron,19,2025-09-11,0,,False,Activo
MD-01306,CL-01306,Actaris,38,2022-01-20,3,2022-09-08,False,Activo
MD-01307,CL-01307,Zenner,15,2021-11-23,4,2021-02-15,False,Activo
MD-01308,CL-01308,Itron,13,2023-06-04,2,,False,Activo
MD-01309,CL-01309,Zenner,13,2017-05-13,8,2021-10-14,False,Activo
MD-01310,CL-01310,Itron,15,2016-05-23,9,2025-03-05,False,Activo
MD-01311,CL-01311,Zenner,25,2024-03-18,1,,False,Activo
MD-01312,CL-01312,Actaris,25,2018-06-16,7,2022-01-18,False,Activo
MD-01313,CL-01313,Elster,25,2020-07-11,5,2021-12-10,False,Activo
MD-01314,CL-01314,Zenner,25,2015-12-08,10,2022-06-04,False,Activo
MD-01315,CL-01315,Actaris,19,2017-10-02,8,2021-11-05,False,Activo
MD-01316,CL-01316,Zenner,13,2015-03-08,10,2020-11-08,True,Activo
MD-01317,CL-01317,Sensus,15,2016-08-19,9,2021-12-29,False,Activo
MD-01318,CL-01318,Actaris,13,2017-04-12,8,2025-11-28,False,Activo
MD-01319,CL-01319,Zenner,15,2025-04-25,0,,False,Activo
MD-01320,CL-01320,Elster,15,2017-12-06,8,2025-05-06,False,Activo
MD-01321,CL-01321,Actaris,15,2012-06-25,13,2024-02-16,False,Activo
MD-01322,CL-01322,Actaris,13,2024-04-16,1,,False,Activo
MD-01323,CL-01323,Elster,13,2014-09-07,11,2023-09-01,False,Activo
MD-01324,CL-01324,Elster,15,2020-07-19,5,2024-12-17,False,Activo
MD-01325,CL-01325,Elster,13,2019-06-22,6,2025-03-11,False,Activo
MD-01326,CL-01326,Sensus,13,2021-10-03,4,2024-04-08,False,Activo
MD-01327,CL-01327,Actaris,25,2019-03-13,6,2024-06-11,False,Activo
MD-01328,CL-01328,Elster,15,2020-08-04,5,2023-02-10,False,Activo
MD-01329,CL-01329,Itron,19,2011-08-07,14,2024-07-05,False,Activo
MD-01330,CL-01330,Itron,13,2013-05-01,12,2022-09-18,False,Activo
MD-01331,CL-01331,Sensus,15,2014-01-04,11,2025-04-08,False,Activo
MD-01332,CL-01332,Zenner,25,2022-09-03,3,2023-10-09,False,Activo
MD-01333,CL-01333,Elster,13,2019-09-12,6,2021-05-09,False,Activo
MD-01334,CL-01334,Sensus,13,2018-05-09,7,2022-03-16,False,Activo
MD-01335,CL-01335,Zenner,13,2014-05-05,11,2024-11-30,False,Activo
MD-01336,CL-01336,Itron,13,2024-12-27,1,,False,Activo
MD-01337,CL-01337,Zenner,13,2019-01-19,6,2023-11-30,False,Activo
MD-01338,CL-01338,Itron,13,2017-08-05,8,2025-01-13,False,Activo
MD-01339,CL-01339,Itron,15,2025-07-11,0,,False,Activo
MD-01340,CL-01340,Sensus,15,2024-01-02,1,,False,Activo
MD-01341,CL-01341,Itron,13,2023-12-03,2,,False,Activo
MD-01342,CL-01342,Zenner,13,2017-04-25,8,2024-03-03,False,Activo
MD-01343,CL-01343,Actaris,13,2022-06-06,3,2021-08-05,False,Activo
MD-01344,CL-01344,Elster,13,2025-03-05,0,,False,Activo
MD-01345,CL-01345,Actaris,13,2017-03-26,8,2021-03-08,False,Activo
MD-01346,CL-01346,Actaris,15,2024-08-15,1,,False,Activo
MD-01347,CL-01347,Sensus,13,2023-06-16,2,,False,Activo
MD-01348,CL-01348,Elster,13,2022-09-10,3,2023-06-10,False,Activo
MD-01349,CL-01349,Itron,13,2014-08-19,11,2025-03-13,False,Activo
MD-01350,CL-01350,Elster,19,2016-07-13,9,2021-09-01,False,Activo
MD-01351,CL-01351,Sensus,13,2019-10-16,6,2024-06-11,False,Activo
MD-01352,CL-01352,Zenner,25,2014-09-06,11,2025-02-06,False,Activo
MD-01353,CL-01353,Zenner,13,2016-02-18,9,2021-02-04,False,Activo
MD-01354,CL-01354,Itron,15,2019-02-08,6,2022-12-10,False,Activo
MD-01355,CL-01355,Sensus,19,2018-03-17,7,2020-12-04,True,Activo
MD-01356,CL-01356,Zenner,13,2013-02-16,12,2025-10-21,False,Activo
MD-01357,CL-01357,Sensus,13,2017-04-06,8,2021-11-01,False,Activo
MD-01358,CL-01358,Actaris,19,2025-08-03,0,,False,Activo
MD-01359,CL-01359,Actaris,13,2011-11-18,14,2024-04-08,False,Activo
MD-01360,CL-01360,Itron,13,2025-09-27,0,,False,Activo
MD-01361,CL-01361,Actaris,38,2020-03-07,5,2021-09-10,False,Activo
MD-01362,CL-01362,Itron,15,2014-05-20,11,2023-02-10,False,Activo
MD-01363,CL-01363,Actaris,13,2023-03-23,2,,False,Activo
MD-01364,CL-01364,Elster,19,2025-03-24,0,,False,Activo
MD-01365,CL-01365,Itron,13,2014-11-24,11,2020-09-17,True,Activo
MD-01366,CL-01366,Elster,13,2025-07-01,0,,False,Activo
MD-01367,CL-01367,Actaris,13,2013-10-23,12,2024-09-10,False,Activo
MD-01368,CL-01368,Zenner,25,2022-06-01,3,2021-04-07,False,Activo
MD-01369,CL-01369,Itron,13,2020-04-23,5,2024-06-24,False,Activo
MD-01370,CL-01370,Itron,15,2023-01-18,2,,False,Activo
MD-01371,CL-01371,Zenner,15,2018-01-20,7,2024-10-11,False,Activo
MD-01372,CL-01372,Elster,13,2013-12-24,12,2026-05-22,False,Activo
MD-01373,CL-01373,Sensus,15,2011-06-15,14,2024-10-11,False,Activo
MD-01374,CL-01374,Elster,19,2017-01-17,8,2021-08-15,False,Activo
MD-01375,CL-01375,Sensus,25,2013-12-14,12,2021-05-02,False,Activo
MD-01376,CL-01376,Itron,13,2013-02-04,12,2021-07-27,False,Activo
MD-01377,CL-01377,Itron,19,2011-08-06,14,2021-07-25,False,Activo
MD-01378,CL-01378,Itron,13,2024-12-07,1,,False,Activo
MD-01379,CL-01379,Zenner,38,2019-04-24,6,2025-08-24,False,Activo
MD-01380,CL-01380,Actaris,15,2013-12-05,12,2022-02-28,False,Activo
MD-01381,CL-01381,Sensus,13,2013-10-19,12,2024-09-01,False,Activo
MD-01382,CL-01382,Itron,19,2012-03-21,13,2023-09-10,False,Activo
MD-01383,CL-01383,Elster,13,2015-07-17,10,2025-04-16,False,Activo
MD-01384,CL-01384,Actaris,13,2017-10-13,8,2024-11-14,False,Activo
MD-01385,CL-01385,Zenner,13,2015-11-08,10,2025-05-28,False,Activo
MD-01386,CL-01386,Actaris,13,2013-03-22,12,2020-11-27,True,Activo
MD-01387,CL-01387,Zenner,15,2012-06-21,13,2024-07-31,False,Activo
MD-01388,CL-01388,Sensus,15,2024-09-02,1,,False,Activo
MD-01389,CL-01389,Elster,15,2023-04-23,2,,False,Activo
MD-01390,CL-01390,Itron,13,2017-02-10,8,2022-01-05,False,Activo
MD-01391,CL-01391,Zenner,15,2016-08-25,9,2024-12-09,False,Activo
MD-01392,CL-01392,Itron,13,2013-02-24,12,2023-02-22,False,Activo
MD-01393,CL-01393,Actaris,13,2012-04-17,13,2022-05-23,False,Activo
MD-01394,CL-01394,Sensus,19,2014-06-23,11,2020-08-16,True,Activo
MD-01395,CL-01395,Actaris,13,2020-10-12,5,2025-11-21,False,Activo
MD-01396,CL-01396,Sensus,13,2019-03-20,6,2021-02-19,False,Activo
MD-01397,CL-01397,Sensus,19,2022-03-14,3,2025-04-14,False,Activo
MD-01398,CL-01398,Itron,13,2013-08-07,12,2022-04-13,False,Activo
MD-01399,CL-01399,Elster,13,2024-03-10,1,,False,Activo
MD-01400,CL-01400,Itron,13,2011-05-14,14,2021-07-19,False,Activo
MD-01401,CL-01401,Itron,25,2011-06-10,14,2025-02-07,False,Activo
MD-01402,CL-01402,Sensus,19,2025-01-26,0,,False,Activo
MD-01403,CL-01403,Actaris,15,2023-12-01,2,,False,Activo
MD-01404,CL-01404,Zenner,13,2023-01-08,2,,False,Activo
MD-01405,CL-01405,Elster,25,2017-03-25,8,2023-11-09,False,Activo
MD-01406,CL-01406,Itron,13,2014-12-01,11,2025-08-28,False,Activo
MD-01407,CL-01407,Zenner,19,2022-05-25,3,2021-06-21,False,Activo
MD-01408,CL-01408,Itron,25,2022-04-04,3,2026-06-14,False,Activo
MD-01409,CL-01409,Itron,13,2018-09-02,7,2020-09-21,True,Activo
MD-01410,CL-01410,Sensus,13,2025-04-26,0,,False,Activo
MD-01411,CL-01411,Actaris,13,2025-10-02,0,,False,Activo
MD-01412,CL-01412,Sensus,15,2017-06-26,8,2024-09-12,False,Activo
MD-01413,CL-01413,Itron,13,2016-10-25,9,2022-01-03,False,Activo
MD-01414,CL-01414,Elster,15,2017-02-04,8,2025-07-24,False,Activo
MD-01415,CL-01415,Sensus,13,2023-01-23,2,,False,Activo
MD-01416,CL-01416,Zenner,15,2020-06-13,5,2022-09-30,False,Activo
MD-01417,CL-01417,Actaris,19,2020-10-11,5,2024-09-22,False,Activo
MD-01418,CL-01418,Zenner,19,2016-12-01,9,2022-05-21,False,Activo
MD-01419,CL-01419,Elster,13,2016-12-14,9,2023-01-03,False,Activo
MD-01420,CL-01420,Sensus,13,2022-12-07,3,2024-09-30,False,Activo
MD-01421,CL-01421,Sensus,15,2016-04-02,9,2026-03-03,False,Activo
MD-01422,CL-01422,Itron,13,2012-10-16,13,2021-03-31,False,Activo
MD-01423,CL-01423,Itron,15,2012-06-04,13,2024-12-14,False,Activo
MD-01424,CL-01424,Elster,15,2017-12-19,8,2023-02-04,False,Activo
MD-01425,CL-01425,Itron,38,2019-05-21,6,2020-12-05,True,Activo
MD-01426,CL-01426,Itron,25,2022-09-13,3,2022-07-23,False,Activo
MD-01427,CL-01427,Sensus,15,2013-04-19,12,2026-06-24,False,Activo
MD-01428,CL-01428,Actaris,15,2024-06-05,1,,False,Activo
MD-01429,CL-01429,Zenner,15,2020-05-27,5,2020-08-02,True,Activo
MD-01430,CL-01430,Sensus,19,2013-06-27,12,2025-05-10,False,Activo
MD-01431,CL-01431,Sensus,13,2013-10-19,12,2022-04-01,False,Activo
MD-01432,CL-01432,Itron,25,2025-05-26,0,,False,Activo
MD-01433,CL-01433,Itron,15,2011-09-27,14,2022-05-24,False,Activo
MD-01434,CL-01434,Itron,13,2022-08-27,3,2022-08-25,False,Activo
MD-01435,CL-01435,Itron,15,2016-02-04,9,2024-04-07,False,Activo
MD-01436,CL-01436,Sensus,13,2015-05-19,10,2024-04-05,False,Activo
MD-01437,CL-01437,Itron,13,2025-09-17,0,,False,Activo
MD-01438,CL-01438,Zenner,15,2013-11-01,12,2020-12-05,True,Activo
MD-01439,CL-01439,Zenner,19,2016-08-19,9,2021-09-11,False,Activo
MD-01440,CL-01440,Itron,13,2025-08-01,0,,False,Activo
MD-01441,CL-01441,Elster,13,2018-09-15,7,2020-10-09,True,Activo
MD-01442,CL-01442,Zenner,13,2013-05-10,12,2022-05-28,False,Activo
MD-01443,CL-01443,Zenner,13,2019-01-26,6,2024-05-10,False,Activo
MD-01444,CL-01444,Sensus,13,2014-06-17,11,2022-05-04,False,Activo
MD-01445,CL-01445,Actaris,13,2012-10-17,13,2022-06-27,False,Activo
MD-01446,CL-01446,Itron,13,2018-11-06,7,2021-02-05,False,Activo
MD-01447,CL-01447,Sensus,15,2024-05-13,1,,False,Activo
MD-01448,CL-01448,Elster,13,2012-01-01,13,2024-05-04,False,Activo
MD-01449,CL-01449,Actaris,19,2016-04-07,9,2020-11-15,True,Activo
MD-01450,CL-01450,Zenner,13,2014-01-16,11,2025-12-30,False,Activo
MD-01451,CL-01451,Zenner,15,2023-10-15,2,,False,Activo
MD-01452,CL-01452,Sensus,13,2013-10-22,12,2021-08-12,False,Activo
MD-01453,CL-01453,Itron,15,2023-01-26,2,,False,Activo
MD-01454,CL-01454,Itron,13,2015-11-15,10,2025-09-13,False,Activo
MD-01455,CL-01455,Elster,13,2011-08-21,14,2024-07-17,False,Activo
MD-01456,CL-01456,Actaris,13,2012-05-27,13,2025-06-21,False,Activo
MD-01457,CL-01457,Elster,13,2020-02-03,5,2020-12-17,True,Activo
MD-01458,CL-01458,Actaris,13,2018-08-02,7,2024-05-25,False,Activo
MD-01459,CL-01459,Actaris,15,2011-05-03,14,2022-06-13,False,Activo
MD-01460,CL-01460,Zenner,19,2023-03-20,2,,False,Activo
MD-01461,CL-01461,Zenner,13,2012-02-26,13,2022-06-16,False,Activo
MD-01462,CL-01462,Elster,13,2016-08-17,9,2022-02-21,False,Activo
MD-01463,CL-01463,Sensus,19,2021-08-27,4,2025-01-13,False,Activo
MD-01464,CL-01464,Sensus,15,2011-12-19,14,2024-02-07,False,Activo
MD-01465,CL-01465,Elster,15,2022-05-16,3,2021-08-04,False,Activo
MD-01466,CL-01466,Itron,13,2020-10-14,5,2024-05-06,False,Activo
MD-01467,CL-01467,Sensus,13,2016-09-04,9,2021-08-02,False,Activo
MD-01468,CL-01468,Actaris,13,2011-01-09,14,2023-06-03,False,Activo
MD-01469,CL-01469,Itron,13,2013-08-09,12,2024-10-21,False,Activo
MD-01470,CL-01470,Actaris,13,2024-03-11,1,,False,Activo
MD-01471,CL-01471,Zenner,13,2016-10-13,9,2023-02-19,False,Activo
MD-01472,CL-01472,Zenner,13,2016-04-18,9,2024-07-10,False,Activo
MD-01473,CL-01473,Sensus,15,2021-05-12,4,2026-07-14,False,Activo
MD-01474,CL-01474,Sensus,19,2018-06-02,7,2024-02-21,False,Activo
MD-01475,CL-01475,Actaris,13,2019-10-09,6,2025-03-11,False,Activo
MD-01476,CL-01476,Itron,13,2014-06-06,11,2023-12-17,False,Activo
MD-01477,CL-01477,Sensus,38,2011-03-03,14,2021-12-10,False,Activo
MD-01478,CL-01478,Itron,13,2016-10-18,9,2023-10-06,False,Activo
MD-01479,CL-01479,Elster,15,2019-03-23,6,2021-02-05,False,Activo
MD-01480,CL-01480,Elster,15,2014-11-20,11,2022-01-15,False,Activo
MD-01481,CL-01481,Actaris,13,2018-09-14,7,2025-07-19,False,Activo
MD-01482,CL-01482,Zenner,15,2023-05-16,2,,False,Activo
MD-01483,CL-01483,Actaris,19,2018-07-15,7,2024-04-16,False,Activo
MD-01484,CL-01484,Actaris,13,2013-10-18,12,2023-10-16,False,Activo
MD-01485,CL-01485,Elster,13,2018-08-11,7,2025-01-24,False,Activo
MD-01486,CL-01486,Zenner,13,2017-10-11,8,2024-03-11,False,Activo
MD-01487,CL-01487,Elster,15,2019-10-21,6,2020-08-20,True,Activo
MD-01488,CL-01488,Sensus,15,2011-06-12,14,2024-04-07,False,Activo
MD-01489,CL-01489,Elster,13,2012-11-20,13,2021-12-03,False,Activo
MD-01490,CL-01490,Itron,13,2025-12-06,0,,False,Activo
MD-01491,CL-01491,Elster,38,2021-06-27,4,2025-04-21,False,Activo
MD-01492,CL-01492,Zenner,13,2018-09-16,7,2021-04-19,False,Activo
MD-01493,CL-01493,Sensus,15,2021-05-04,4,2024-06-17,False,Activo
MD-01494,CL-01494,Itron,13,2017-12-17,8,2025-09-10,False,Activo
MD-01495,CL-01495,Sensus,15,2022-09-15,3,2022-04-21,False,Activo
MD-01496,CL-01496,Itron,13,2012-02-10,13,2022-10-23,False,Activo
MD-01497,CL-01497,Itron,13,2023-07-08,2,,False,Activo
MD-01498,CL-01498,Zenner,19,2013-08-19,12,2024-07-30,False,Activo
MD-01499,CL-01499,Zenner,15,2011-12-22,14,2023-08-13,False,Activo
MD-01500,CL-01500,Itron,25,2013-09-12,12,2021-08-31,False,Activo
